incident_type,severity,affected_system_type,analyst,origin,detection_time_minutes,resolution_time_hours,affected_devices_count,risk_score,impact_cost_php,date_detected,date_resolved
DDoS,Low,Cloud,Roman,Firewall,80,52.99,47,77.15,334912.13,2023-05-11,2023-05-13
Unauthorized Access,Critical,Cloud,Roman,Endpoint,146,56.16,20,43.46,959883.58,2024-07-18,2024-07-23
DDoS,Low,Cloud,Ej,SIEM,93,62.94,77,76.09,520569.85,2024-02-05,2024-02-07
Malware,Medium,Workstation,Kris,Firewall,76,16.31,65,37.81,401298.58,2024-01-01,2024-01-05
Malware,Low,Server,Kris,Firewall,239,6.95,68,25.17,521900.62,2025-06-27,2025-06-28
Malware,Low,Database,Ej,Firewall,72,35.29,24,73.17,779209.52,2026-12-10,2026-12-11
Phishing,High,Workstation,Roman,Firewall,160,37.5,100,42.55,340768.83,2022-04-12,2022-04-17
Phishing,Low,Workstation,Ej,Endpoint,203,59.87,36,98.16,179527.41,2024-05-23,2024-05-27
Ransomware,Critical,Server,Jerean,SIEM,142,32.51,45,35.6,585351.18,2021-11-27,2021-11-30
Ransomware,High,Network,Kris,SIEM,119,41.53,2,92.25,665538.9,2025-01-22,2025-01-26
Ransomware,Low,Workstation,Ryo,Email,61,38.42,28,93.36,713005.28,2026-11-06,2026-11-07
Phishing,Medium,Network,Jerean,Firewall,232,3.71,26,24.94,882105.6,2021-05-11,2021-05-12
Phishing,Low,Network,Jerean,Firewall,70,44.68,23,80.02,371802.95,2025-08-13,2025-08-17
Ransomware,Low,Cloud,Ej,Email,94,59.79,79,43.87,76279.54,2023-02-09,2023-02-13
Ransomware,Low,Server,Roman,SIEM,54,12.18,36,91.83,958390.24,2025-02-24,2025-02-25
Unauthorized Access,High,Network,Kris,Network,18,43.2,91,45.56,435576.92,2024-04-30,2024-05-03
Ransomware,Critical,Server,Ryo,Network,20,43.15,6,74.69,623634.25,2023-08-14,2023-08-19
Unauthorized Access,Medium,Cloud,Jerean,SIEM,186,12.66,35,47.23,666639.02,2024-03-30,2024-04-04
DDoS,Low,Server,Ryo,Firewall,175,9.77,38,23.55,546967.19,2022-04-05,2022-04-09
Phishing,Critical,Workstation,Roman,Network,46,70.58,35,20.74,206052.27,2021-01-22,2021-01-27
Ransomware,Critical,Network,Roman,Endpoint,213,28.95,100,43.12,755387.91,2023-01-18,2023-01-19
Phishing,High,Server,Ryo,Endpoint,114,17.15,74,75.79,803948.22,2022-04-20,2022-04-21
Phishing,Medium,Database,Kris,Email,26,13.16,94,60.9,553422.61,2023-12-19,2023-12-23
Phishing,High,Server,Roman,SIEM,72,48.4,53,69.17,489072.6,2026-08-10,2026-08-14
DDoS,Critical,Network,Ryo,SIEM,23,44.27,38,28.95,114824.24,2023-09-03,2023-09-07
Malware,Critical,Cloud,Jerean,Network,70,46.69,93,48.66,84867.71,2025-12-12,2025-12-15
Ransomware,Critical,Cloud,Ryo,Firewall,171,7.25,59,5.4,340225.28,2021-07-09,2021-07-14
Malware,High,Network,Ryo,SIEM,77,64.44,43,81.94,311535.31,2022-07-17,2022-07-21
Malware,Medium,Workstation,Ej,Network,151,28.64,4,99.0,953702.79,2026-03-15,2026-03-17
Malware,Low,Workstation,Roman,Network,148,23.25,5,41.28,783839.12,2024-06-21,2024-06-23
Phishing,High,Cloud,Kris,SIEM,58,33.83,68,2.09,660264.37,2025-03-09,2025-03-10
Unauthorized Access,Critical,Cloud,Kris,Network,157,28.69,100,17.81,518130.44,2022-10-09,2022-10-14
Phishing,High,Network,Ej,Email,116,62.31,45,65.6,168200.16,2026-08-31,2026-09-04
Phishing,Critical,Workstation,Kris,Email,22,66.98,80,61.6,978478.22,2024-07-21,2024-07-23
Malware,Low,Cloud,Ryo,SIEM,155,22.55,25,79.0,375665.66,2022-08-24,2022-08-29
Phishing,Low,Workstation,Ej,Firewall,121,62.34,78,26.13,107818.68,2026-08-24,2026-08-25
Malware,Medium,Cloud,Jerean,Email,89,56.49,11,76.6,494305.1,2021-08-30,2021-09-02
Unauthorized Access,Critical,Server,Roman,Email,143,67.09,29,69.11,874124.01,2026-08-04,2026-08-09
Ransomware,Medium,Database,Roman,SIEM,43,18.45,34,32.96,887403.71,2024-09-25,2024-09-30
Malware,Medium,Server,Roman,Endpoint,109,41.96,86,55.0,11954.95,2026-11-10,2026-11-13
Unauthorized Access,Low,Cloud,Ryo,Network,72,20.49,14,15.58,886409.45,2024-10-22,2024-10-27
Ransomware,High,Database,Jerean,Email,29,59.51,24,45.8,272212.73,2025-01-18,2025-01-19
DDoS,High,Database,Ej,Endpoint,195,1.38,59,88.24,39933.39,2023-02-15,2023-02-16
Malware,Medium,Cloud,Ej,Firewall,228,41.1,39,42.7,847942.48,2021-02-04,2021-02-07
Malware,Low,Cloud,Roman,Endpoint,162,25.08,26,84.12,864002.89,2026-05-10,2026-05-14
DDoS,Critical,Workstation,Jerean,SIEM,177,23.91,43,59.44,596634.85,2025-05-05,2025-05-07
DDoS,High,Cloud,Jerean,Firewall,127,46.79,36,20.0,574859.32,2023-10-19,2023-10-23
Malware,Medium,Network,Jerean,Firewall,222,61.46,39,58.53,813307.15,2024-02-04,2024-02-09
DDoS,High,Cloud,Kris,Endpoint,125,44.25,61,51.09,786523.24,2025-02-09,2025-02-11
Phishing,High,Network,Kris,SIEM,65,61.58,16,40.47,890215.37,2022-12-04,2022-12-07
Ransomware,Critical,Cloud,Roman,Email,104,19.79,59,12.84,553194.7,2025-04-29,2025-05-02
Ransomware,Low,Workstation,Jerean,Endpoint,55,37.88,96,42.25,967679.45,2021-06-11,2021-06-13
Ransomware,Critical,Network,Jerean,Email,102,32.99,6,8.2,996150.68,2021-07-21,2021-07-22
Phishing,Low,Server,Ej,Endpoint,141,1.83,98,10.78,117428.07,2026-06-05,2026-06-07
DDoS,High,Network,Ej,Email,208,40.53,56,42.18,849694.22,2023-09-23,2023-09-28
Unauthorized Access,Medium,Workstation,Roman,Endpoint,6,47.97,8,31.23,500322.44,2023-03-27,2023-03-28
DDoS,Critical,Network,Jerean,Firewall,234,43.03,94,92.63,388178.77,2022-04-01,2022-04-04
Malware,Low,Cloud,Roman,Network,9,53.28,27,38.19,613459.24,2024-06-29,2024-07-01
Ransomware,High,Cloud,Ej,Firewall,194,41.57,71,76.03,56909.59,2023-10-14,2023-10-18
DDoS,Low,Workstation,Ej,Email,201,5.74,27,53.49,506954.66,2021-12-04,2021-12-08
Unauthorized Access,Low,Database,Kris,SIEM,184,9.27,89,70.7,871019.68,2023-05-29,2023-06-03
Malware,Low,Cloud,Roman,Firewall,90,43.35,46,26.75,214248.05,2023-12-13,2023-12-17
Phishing,High,Server,Roman,Network,137,20.52,41,94.25,426963.5,2023-03-03,2023-03-05
Phishing,Medium,Workstation,Jerean,Email,191,6.65,79,53.48,939541.41,2023-02-03,2023-02-05
Unauthorized Access,Medium,Network,Jerean,Firewall,72,31.5,25,83.3,429135.27,2022-01-15,2022-01-19
Malware,Medium,Network,Kris,Endpoint,13,40.36,86,37.14,359009.26,2022-05-08,2022-05-10
Ransomware,Low,Server,Ryo,SIEM,97,24.34,18,10.92,441096.11,2024-03-26,2024-03-31
DDoS,High,Cloud,Ryo,Email,154,52.15,12,67.7,519933.31,2026-08-25,2026-08-26
Malware,Low,Workstation,Ryo,Firewall,159,46.71,87,1.77,632359.35,2021-03-06,2021-03-11
Phishing,Medium,Server,Roman,Email,142,24.63,51,48.05,800892.11,2024-09-29,2024-10-04
Unauthorized Access,Medium,Cloud,Roman,Endpoint,212,54.6,39,20.09,452650.1,2024-02-27,2024-02-29
Unauthorized Access,High,Workstation,Ej,Network,238,47.06,89,63.11,817663.45,2026-07-21,2026-07-22
DDoS,Low,Network,Roman,Firewall,129,46.26,10,97.96,534186.94,2025-02-04,2025-02-06
Unauthorized Access,Critical,Workstation,Roman,Email,238,40.29,94,46.98,339142.03,2024-03-08,2024-03-11
Unauthorized Access,Critical,Database,Roman,Email,65,1.81,74,81.93,658292.88,2025-03-03,2025-03-05
Malware,Medium,Workstation,Kris,Email,55,50.45,98,51.27,718004.53,2022-01-27,2022-01-29
Ransomware,High,Database,Roman,Network,14,27.7,77,50.09,558490.93,2025-08-26,2025-08-28
DDoS,Low,Workstation,Jerean,Email,138,67.93,54,93.11,57558.36,2022-02-23,2022-02-24
Malware,Low,Database,Jerean,SIEM,66,59.08,29,89.11,170712.99,2022-01-14,2022-01-16
Ransomware,Medium,Network,Ej,SIEM,117,42.73,41,78.79,286012.42,2025-12-02,2025-12-03
Malware,Medium,Cloud,Kris,Email,137,18.9,9,30.33,283342.98,2026-09-20,2026-09-24
Malware,Low,Database,Jerean,SIEM,126,15.46,63,54.96,673747.38,2026-12-23,2026-12-26
Unauthorized Access,Low,Database,Kris,Firewall,202,25.17,77,23.17,19330.31,2021-07-20,2021-07-21
Ransomware,Medium,Network,Kris,SIEM,195,34.84,37,44.95,755926.1,2026-02-07,2026-02-11
DDoS,Low,Database,Ej,Email,127,22.02,14,48.94,266077.13,2023-02-19,2023-02-20
DDoS,Critical,Server,Kris,Endpoint,188,37.56,73,83.33,310711.82,2022-05-18,2022-05-19
Ransomware,Medium,Network,Roman,Firewall,191,12.74,72,89.71,528381.92,2025-10-18,2025-10-21
Unauthorized Access,Low,Server,Kris,Network,67,70.42,39,42.05,216709.68,2023-03-16,2023-03-21
Phishing,Medium,Network,Ej,Email,115,8.66,40,2.75,884586.84,2026-11-17,2026-11-22
Malware,High,Database,Ej,Network,93,67.17,54,86.32,86283.41,2026-03-11,2026-03-12
Unauthorized Access,Medium,Server,Ej,Endpoint,191,65.86,3,18.25,444937.98,2025-04-20,2025-04-22
Ransomware,Medium,Database,Jerean,Network,55,38.3,55,62.57,849572.85,2023-08-19,2023-08-23
Malware,High,Network,Roman,Email,182,52.47,33,3.47,616228.05,2025-01-25,2025-01-27
DDoS,Critical,Database,Jerean,Email,136,31.96,96,40.55,293037.19,2023-10-26,2023-10-28
Phishing,Low,Server,Ryo,Endpoint,108,45.73,71,98.61,421339.45,2022-05-18,2022-05-19
DDoS,High,Server,Roman,Email,127,25.18,19,10.97,706987.69,2022-02-02,2022-02-03
Ransomware,Medium,Database,Kris,Endpoint,52,22.38,34,42.95,973287.48,2023-05-21,2023-05-22
Malware,Low,Workstation,Ej,Endpoint,36,42.05,78,31.41,893245.58,2022-01-28,2022-01-29
Ransomware,High,Network,Ryo,Email,124,36.37,50,90.6,343090.38,2021-07-26,2021-07-31
Malware,Low,Network,Roman,SIEM,183,42.15,47,87.06,998199.68,2023-11-05,2023-11-06
Unauthorized Access,Low,Database,Jerean,Endpoint,184,21.35,46,24.53,4501.16,2026-02-25,2026-03-02
Phishing,High,Workstation,Ej,Email,103,27.05,56,9.04,28602.13,2025-01-24,2025-01-29
Unauthorized Access,Low,Server,Jerean,SIEM,78,6.96,57,63.09,824016.67,2023-05-14,2023-05-15
Unauthorized Access,Critical,Cloud,Roman,Endpoint,38,4.71,83,34.3,200263.22,2022-07-18,2022-07-21
Ransomware,High,Cloud,Roman,SIEM,168,19.0,51,67.54,61708.5,2023-10-18,2023-10-22
Phishing,Critical,Database,Ryo,Firewall,74,6.27,54,4.18,237910.93,2021-04-06,2021-04-08
Malware,Medium,Workstation,Kris,Firewall,175,8.37,90,14.21,426674.05,2026-04-08,2026-04-13
Malware,Low,Workstation,Jerean,SIEM,114,58.72,81,68.95,730835.7,2025-10-24,2025-10-28
DDoS,Medium,Network,Ryo,Endpoint,20,3.76,28,22.02,624711.19,2025-08-06,2025-08-09
Malware,Medium,Server,Ej,Email,63,47.78,19,85.9,238383.6,2022-06-25,2022-06-27
Ransomware,Low,Workstation,Kris,Network,185,20.35,27,6.8,503767.18,2023-11-26,2023-11-28
Unauthorized Access,High,Cloud,Ryo,Email,23,62.88,48,22.33,926287.89,2024-03-29,2024-04-03
Unauthorized Access,Low,Server,Jerean,Network,230,35.43,19,99.86,815192.77,2025-09-19,2025-09-20
Unauthorized Access,Medium,Server,Roman,Network,221,22.7,97,43.87,323866.6,2025-12-25,2025-12-28
Phishing,Medium,Database,Ej,Endpoint,99,37.75,51,70.59,982282.3,2025-05-17,2025-05-22
Malware,High,Workstation,Jerean,SIEM,117,28.12,7,19.08,708911.78,2023-03-07,2023-03-10
Ransomware,Low,Database,Kris,Email,45,41.07,29,61.38,63386.91,2023-11-18,2023-11-19
Phishing,Medium,Workstation,Kris,SIEM,85,9.13,43,72.88,36125.55,2025-07-02,2025-07-03
DDoS,Critical,Network,Roman,Firewall,179,71.79,69,32.13,169239.54,2024-09-25,2024-09-30
Ransomware,Medium,Database,Roman,Endpoint,226,31.21,94,83.06,728128.01,2026-06-05,2026-06-06
Ransomware,Medium,Database,Ej,Endpoint,107,25.72,58,60.74,184555.19,2024-09-16,2024-09-20
Ransomware,High,Cloud,Ej,Firewall,58,51.42,8,39.52,511975.28,2025-07-22,2025-07-24
Unauthorized Access,Critical,Database,Roman,Email,187,26.84,42,56.21,94166.86,2025-03-10,2025-03-15
Ransomware,Medium,Workstation,Roman,Firewall,99,60.16,76,58.1,920965.27,2026-08-01,2026-08-04
Malware,Medium,Cloud,Kris,Email,151,33.25,42,17.39,344616.65,2025-02-05,2025-02-09
Ransomware,Critical,Database,Roman,Network,66,52.09,13,40.87,908223.92,2024-11-09,2024-11-14
Unauthorized Access,Low,Database,Ryo,Endpoint,103,8.63,26,35.0,944930.77,2024-11-01,2024-11-02
Ransomware,Low,Network,Jerean,Email,97,61.07,18,40.69,7122.52,2024-07-30,2024-07-31
DDoS,Medium,Database,Roman,SIEM,191,53.24,42,76.35,464671.05,2023-08-31,2023-09-01
DDoS,Medium,Server,Ej,SIEM,69,16.03,51,48.77,25631.4,2025-11-04,2025-11-05
Unauthorized Access,Low,Cloud,Ryo,Endpoint,72,11.32,84,94.09,908784.07,2024-07-06,2024-07-09
Malware,High,Server,Ej,Firewall,32,23.46,16,30.07,518889.14,2022-12-11,2022-12-15
Malware,Critical,Cloud,Ryo,Firewall,22,70.3,3,42.15,75869.07,2025-01-19,2025-01-21
Phishing,Critical,Network,Roman,Email,30,19.24,91,78.91,111166.45,2024-12-05,2024-12-08
Unauthorized Access,High,Database,Jerean,Firewall,108,33.39,79,55.06,384125.52,2022-10-11,2022-10-14
Ransomware,High,Database,Ej,Endpoint,151,3.13,98,55.16,940293.96,2021-11-14,2021-11-16
Unauthorized Access,High,Database,Ryo,Email,59,29.2,45,6.28,693216.24,2024-06-11,2024-06-13
Phishing,High,Cloud,Kris,Network,123,41.56,22,40.46,867751.25,2022-11-15,2022-11-16
Unauthorized Access,High,Database,Roman,Firewall,128,68.67,23,27.8,367090.19,2022-10-26,2022-10-29
Unauthorized Access,High,Server,Jerean,Firewall,189,37.69,59,99.93,44170.49,2026-06-22,2026-06-27
Phishing,Critical,Database,Roman,Email,138,59.16,62,31.53,974343.32,2025-06-20,2025-06-22
Malware,High,Network,Kris,SIEM,133,39.85,68,88.57,18155.82,2025-02-04,2025-02-06
Ransomware,Low,Server,Jerean,Firewall,12,3.9,54,67.95,947704.0,2024-02-11,2024-02-15
Phishing,High,Database,Kris,Endpoint,229,23.37,57,34.75,369308.75,2026-01-28,2026-02-02
DDoS,High,Database,Roman,Firewall,55,41.86,23,54.81,11080.31,2025-03-01,2025-03-06
Malware,Critical,Workstation,Ryo,Network,239,68.49,60,84.21,689468.07,2022-07-18,2022-07-20
DDoS,Critical,Cloud,Roman,Firewall,89,62.0,73,88.45,980559.76,2024-07-15,2024-07-16
Malware,High,Server,Roman,SIEM,220,17.21,88,16.88,965660.1,2025-06-25,2025-06-29
Ransomware,Critical,Workstation,Roman,Firewall,29,16.63,85,34.62,161776.07,2022-11-30,2022-12-05
Ransomware,Medium,Network,Ej,Email,179,15.28,55,34.19,182066.56,2026-12-01,2026-12-03
Unauthorized Access,Critical,Cloud,Kris,Firewall,187,66.5,80,5.16,565973.38,2021-01-02,2021-01-07
DDoS,Critical,Server,Kris,SIEM,196,61.54,63,60.23,637667.52,2022-10-04,2022-10-08
Malware,Critical,Database,Kris,Email,239,56.02,56,85.63,739678.5,2025-05-09,2025-05-13
Ransomware,Critical,Server,Ej,Endpoint,87,28.88,55,38.78,181869.31,2023-05-05,2023-05-08
Phishing,Low,Database,Ryo,Email,97,36.81,25,74.26,959048.08,2025-10-26,2025-10-28
Ransomware,Low,Cloud,Roman,Network,121,33.97,26,63.14,639100.52,2025-07-20,2025-07-24
Phishing,Low,Database,Ryo,Email,142,18.99,49,38.19,847199.87,2024-02-28,2024-03-02
Malware,High,Network,Ej,Endpoint,60,36.86,63,14.96,540525.65,2023-12-13,2023-12-16
Ransomware,High,Database,Kris,Firewall,16,3.17,45,71.22,414862.57,2025-09-04,2025-09-09
Ransomware,Medium,Network,Roman,Email,165,10.36,73,85.6,977205.72,2025-08-23,2025-08-28
Malware,Low,Cloud,Jerean,Email,124,63.95,79,68.9,582539.25,2025-09-30,2025-10-03
Ransomware,High,Cloud,Jerean,Email,75,54.37,39,2.77,867006.71,2024-12-10,2024-12-15
Phishing,Critical,Server,Ryo,Email,21,31.02,97,22.41,953339.1,2023-04-16,2023-04-20
Ransomware,Critical,Network,Kris,Endpoint,193,37.72,65,7.88,675679.27,2021-07-22,2021-07-23
DDoS,Low,Network,Jerean,SIEM,126,27.27,69,57.47,549389.74,2021-05-03,2021-05-07
Unauthorized Access,Medium,Workstation,Ryo,SIEM,128,53.6,56,75.89,4507.34,2022-02-05,2022-02-08
Phishing,Medium,Workstation,Ej,Email,14,56.68,9,11.95,40979.62,2023-02-06,2023-02-09
DDoS,Critical,Workstation,Ryo,Endpoint,35,55.19,70,84.0,201650.36,2021-10-21,2021-10-25
Malware,Medium,Database,Ryo,Endpoint,64,52.31,28,56.0,186822.42,2021-07-17,2021-07-22
Phishing,Low,Workstation,Ryo,Email,74,15.52,45,69.31,255504.04,2026-04-15,2026-04-20
Unauthorized Access,Critical,Network,Roman,Network,21,25.0,26,97.17,305629.7,2022-09-01,2022-09-04
Unauthorized Access,High,Database,Ryo,Email,54,34.36,28,9.28,360705.43,2024-02-22,2024-02-24
Malware,High,Cloud,Ryo,Network,41,24.49,40,90.22,421117.15,2021-07-06,2021-07-11
Malware,Medium,Server,Roman,Email,214,54.6,15,13.48,99767.47,2025-11-30,2025-12-04
Phishing,Critical,Workstation,Roman,Network,194,24.38,6,39.9,43319.57,2022-10-22,2022-10-27
Ransomware,Critical,Cloud,Ej,Network,222,10.81,27,85.29,674270.5,2026-05-10,2026-05-14
Malware,High,Network,Kris,Email,122,29.33,38,90.72,537797.49,2024-10-01,2024-10-04
Ransomware,Critical,Server,Jerean,Network,212,70.57,68,51.13,444700.06,2026-06-10,2026-06-15
DDoS,Critical,Cloud,Jerean,Firewall,204,17.04,75,59.82,634805.5,2025-03-15,2025-03-19
Unauthorized Access,Critical,Server,Ryo,SIEM,220,44.46,85,71.11,827851.73,2021-05-27,2021-05-30
Ransomware,Medium,Workstation,Ej,Endpoint,209,31.74,64,83.44,428265.22,2025-10-01,2025-10-03
Unauthorized Access,Critical,Network,Ryo,Network,161,6.04,30,13.03,641478.35,2026-01-18,2026-01-22
Ransomware,Low,Server,Jerean,Network,164,35.64,82,81.2,953618.65,2022-05-04,2022-05-06
DDoS,Medium,Cloud,Roman,Endpoint,220,50.85,99,48.65,839784.87,2026-05-14,2026-05-16
Malware,Critical,Workstation,Kris,Network,84,37.44,3,45.61,426574.81,2025-07-22,2025-07-23
DDoS,Critical,Workstation,Ej,Endpoint,15,62.92,62,42.97,645072.12,2022-10-03,2022-10-08
Malware,Low,Cloud,Roman,Email,228,21.51,12,51.41,177893.85,2025-12-08,2025-12-12
Malware,Medium,Cloud,Kris,Firewall,138,7.12,91,94.56,560961.66,2026-05-24,2026-05-26
Unauthorized Access,High,Server,Ej,Firewall,127,67.5,30,55.27,981346.96,2024-12-09,2024-12-10
DDoS,High,Database,Ej,SIEM,39,27.85,85,95.36,518796.8,2025-06-23,2025-06-26
Ransomware,Medium,Workstation,Jerean,Network,37,41.92,38,18.85,927710.66,2021-09-20,2021-09-24
DDoS,Critical,Server,Roman,SIEM,22,57.23,85,72.69,407927.59,2025-11-23,2025-11-25
Unauthorized Access,Critical,Cloud,Ej,Email,169,24.03,60,81.41,998845.98,2022-09-16,2022-09-21
Malware,High,Server,Ej,Firewall,17,51.85,38,68.23,579640.82,2023-10-14,2023-10-15
Unauthorized Access,High,Cloud,Kris,Email,206,10.61,15,61.09,43226.73,2023-05-31,2023-06-02
Phishing,High,Network,Jerean,Email,233,21.68,18,56.92,587168.04,2026-08-12,2026-08-17
Phishing,Low,Cloud,Ryo,Network,94,11.27,52,86.23,275298.12,2024-08-20,2024-08-22
Ransomware,High,Cloud,Jerean,Email,114,58.6,29,82.34,33448.84,2022-03-29,2022-04-02
Unauthorized Access,Low,Cloud,Ryo,Firewall,213,16.81,60,13.11,821032.45,2024-03-29,2024-04-02
Ransomware,Medium,Database,Roman,SIEM,196,51.94,21,85.01,276453.91,2026-08-19,2026-08-23
Ransomware,Critical,Cloud,Roman,Firewall,5,67.97,17,41.99,796752.01,2025-08-10,2025-08-11
Phishing,High,Workstation,Ej,Network,67,38.47,18,26.12,288929.37,2024-02-29,2024-03-04
Ransomware,Critical,Workstation,Roman,Firewall,221,39.34,57,87.11,195132.03,2022-02-08,2022-02-13
Phishing,Critical,Server,Ej,Endpoint,38,33.73,37,43.77,973961.64,2026-10-03,2026-10-05
Malware,High,Database,Jerean,SIEM,107,24.14,60,81.03,362283.68,2025-08-24,2025-08-27
Unauthorized Access,High,Server,Roman,Endpoint,14,34.77,38,27.08,601774.84,2022-09-20,2022-09-25
Ransomware,Medium,Workstation,Jerean,Endpoint,132,43.8,12,1.39,610371.51,2022-08-10,2022-08-15
Phishing,Low,Workstation,Jerean,Network,216,71.01,75,50.05,560913.01,2025-07-07,2025-07-11
DDoS,Low,Network,Roman,Email,11,67.58,84,10.92,914781.05,2024-12-14,2024-12-15
Ransomware,Critical,Cloud,Jerean,Endpoint,60,62.21,73,75.68,674766.63,2024-12-16,2024-12-18
Malware,High,Workstation,Roman,Firewall,84,64.13,1,28.33,404329.27,2021-04-14,2021-04-15
Malware,Medium,Server,Roman,Email,169,34.22,58,44.92,862518.0,2021-09-11,2021-09-13
DDoS,Medium,Server,Roman,Firewall,161,47.68,3,9.62,181881.84,2025-02-05,2025-02-07
Phishing,Medium,Cloud,Ryo,Firewall,16,64.55,63,29.38,544692.52,2021-04-09,2021-04-10
Ransomware,Medium,Cloud,Jerean,Email,149,28.9,21,78.37,950599.82,2026-02-28,2026-03-05
Phishing,Medium,Network,Kris,Email,52,69.29,23,16.01,625772.23,2026-04-04,2026-04-06
Malware,Low,Database,Roman,Firewall,216,30.52,9,65.07,817151.48,2023-05-28,2023-05-29
Phishing,Low,Server,Jerean,Network,30,43.68,83,91.83,653907.16,2021-12-04,2021-12-06
Malware,Low,Cloud,Ej,SIEM,116,51.4,55,68.3,839531.49,2023-08-15,2023-08-18
Phishing,High,Server,Roman,SIEM,215,68.49,19,81.29,944543.39,2025-09-01,2025-09-06
DDoS,Critical,Cloud,Roman,Network,126,18.37,62,11.79,273648.81,2021-06-10,2021-06-14
Unauthorized Access,Medium,Workstation,Kris,Email,16,53.98,87,25.82,170491.42,2025-05-23,2025-05-25
DDoS,High,Server,Ryo,Firewall,153,37.98,91,89.56,484506.76,2022-02-02,2022-02-05
DDoS,Medium,Workstation,Ryo,SIEM,46,20.07,91,71.8,702160.56,2024-07-24,2024-07-28
Unauthorized Access,Low,Server,Roman,Firewall,65,56.14,39,64.32,227964.06,2023-03-27,2023-03-31
Unauthorized Access,High,Database,Jerean,Network,62,40.21,100,66.71,5097.35,2025-03-08,2025-03-10
Ransomware,Low,Network,Ej,Firewall,186,47.93,76,42.01,343592.18,2026-04-04,2026-04-05
Ransomware,Medium,Workstation,Ej,Network,38,23.93,27,5.41,968890.48,2024-11-16,2024-11-18
DDoS,Medium,Cloud,Jerean,Email,11,35.17,46,78.66,695272.49,2024-03-04,2024-03-07
DDoS,Critical,Database,Roman,Network,113,44.83,34,68.19,401924.12,2024-05-03,2024-05-07
Malware,Medium,Server,Ej,Network,39,29.75,33,47.81,193383.52,2022-02-05,2022-02-07
Malware,Low,Workstation,Ryo,SIEM,19,15.08,92,90.08,356733.58,2022-10-02,2022-10-03
Ransomware,Medium,Server,Jerean,Firewall,197,69.28,95,34.28,170669.59,2022-04-05,2022-04-07
Ransomware,Critical,Server,Kris,SIEM,222,37.31,96,30.14,107199.52,2023-08-13,2023-08-18
Malware,Critical,Server,Roman,Endpoint,231,53.11,50,87.41,906835.63,2022-04-15,2022-04-16
Malware,Low,Network,Jerean,Network,29,30.18,20,79.9,997652.69,2023-11-12,2023-11-15
Phishing,High,Network,Ej,Endpoint,238,26.21,40,51.98,164950.33,2025-08-21,2025-08-25
Phishing,Medium,Cloud,Roman,SIEM,63,29.91,99,13.94,55468.04,2026-09-17,2026-09-19
Malware,Critical,Workstation,Ryo,Firewall,83,30.05,95,22.29,330401.38,2022-07-17,2022-07-18
Phishing,Medium,Database,Roman,SIEM,90,39.64,58,65.97,462197.52,2025-12-05,2025-12-10
Unauthorized Access,Medium,Database,Roman,Firewall,138,39.59,31,39.12,205616.43,2026-09-06,2026-09-07
Ransomware,High,Database,Ryo,Firewall,184,36.3,38,83.81,302123.49,2021-08-14,2021-08-19
Ransomware,Critical,Server,Ryo,Email,211,10.57,86,95.05,201669.86,2023-03-09,2023-03-12
Malware,Medium,Network,Roman,Network,92,36.22,45,80.76,774486.31,2023-08-18,2023-08-22
DDoS,Critical,Workstation,Ryo,SIEM,153,13.01,41,38.38,712865.37,2025-02-13,2025-02-16
Malware,Low,Server,Jerean,Firewall,75,9.96,9,79.08,635316.56,2022-03-29,2022-03-31
Phishing,Low,Network,Ryo,SIEM,125,67.22,9,35.79,387830.64,2023-03-27,2023-03-28
DDoS,Medium,Network,Ryo,SIEM,97,43.95,63,17.54,909131.9,2022-10-21,2022-10-26
Phishing,Critical,Workstation,Roman,Firewall,100,47.82,79,4.31,969563.01,2022-07-01,2022-07-06
Unauthorized Access,Medium,Workstation,Jerean,Endpoint,36,29.53,77,39.19,174465.67,2024-04-30,2024-05-01
Phishing,Critical,Workstation,Kris,Network,57,65.54,22,90.45,223789.63,2021-01-17,2021-01-18
Unauthorized Access,Critical,Server,Kris,Network,63,46.29,16,24.66,526105.4,2024-05-28,2024-05-30
Unauthorized Access,High,Cloud,Ej,Email,73,55.61,32,21.44,92159.32,2023-12-06,2023-12-09
Phishing,High,Workstation,Ryo,Email,194,27.17,66,97.01,437011.95,2026-11-17,2026-11-22
Phishing,High,Cloud,Ryo,Email,136,69.16,90,3.48,582209.47,2025-11-04,2025-11-06
Unauthorized Access,Medium,Server,Jerean,Network,90,59.25,14,78.79,522551.5,2023-11-27,2023-11-30
DDoS,High,Cloud,Kris,Endpoint,22,61.63,38,32.82,331577.67,2021-10-29,2021-10-31
Unauthorized Access,High,Database,Ej,Network,231,13.23,98,4.71,542903.36,2021-06-30,2021-07-05
Ransomware,Low,Cloud,Jerean,Network,85,20.24,8,91.86,958842.15,2022-08-30,2022-08-31
Unauthorized Access,Critical,Workstation,Ryo,Network,118,21.28,100,14.82,206811.39,2022-12-01,2022-12-02
DDoS,Critical,Server,Kris,Network,188,20.23,21,55.63,655176.53,2023-09-20,2023-09-23
Ransomware,High,Workstation,Ej,Endpoint,28,61.73,56,28.13,44353.3,2024-02-14,2024-02-18
Malware,Critical,Database,Roman,Email,70,3.26,46,7.45,67349.99,2021-07-10,2021-07-13
Malware,Low,Workstation,Kris,SIEM,145,6.4,43,5.94,552276.4,2023-09-08,2023-09-12
DDoS,Low,Workstation,Ej,Email,66,20.45,92,12.44,105834.24,2026-06-30,2026-07-02
Unauthorized Access,High,Workstation,Jerean,Email,58,15.19,46,8.07,23324.44,2024-03-30,2024-04-01
Phishing,Low,Network,Roman,SIEM,147,17.46,48,76.3,172341.48,2021-05-08,2021-05-13
DDoS,Critical,Database,Ej,Network,201,57.65,70,49.07,565284.32,2026-08-28,2026-09-01
Ransomware,Medium,Workstation,Ej,Endpoint,135,40.98,84,34.95,703637.61,2025-12-22,2025-12-27
Ransomware,Critical,Workstation,Ryo,Endpoint,41,1.41,31,42.42,203276.09,2025-10-25,2025-10-26
Malware,Medium,Workstation,Kris,Email,41,31.48,33,92.97,668591.18,2022-07-24,2022-07-28
Ransomware,High,Server,Ryo,SIEM,233,29.96,44,91.16,183293.85,2024-09-08,2024-09-11
DDoS,Medium,Network,Roman,Firewall,135,9.09,71,71.85,613843.97,2026-03-11,2026-03-12
Ransomware,Low,Server,Ej,Network,195,49.01,8,88.58,412547.72,2022-09-18,2022-09-19
DDoS,Critical,Network,Ryo,Email,39,50.85,73,32.65,654145.71,2025-08-14,2025-08-17
Phishing,Medium,Workstation,Kris,Endpoint,184,52.18,2,38.73,995057.7,2021-06-04,2021-06-05
Malware,Critical,Database,Roman,SIEM,219,52.72,17,61.76,937879.15,2024-11-10,2024-11-14
Ransomware,High,Cloud,Jerean,SIEM,128,1.0,52,62.74,5277.48,2023-02-24,2023-03-01
DDoS,High,Cloud,Ryo,Email,160,68.73,45,48.69,885553.33,2021-09-03,2021-09-04
Unauthorized Access,Low,Workstation,Roman,Firewall,226,58.81,37,40.67,67424.3,2025-02-09,2025-02-13
Malware,High,Server,Jerean,Endpoint,22,65.18,42,98.63,953093.54,2025-09-02,2025-09-04
Phishing,Medium,Database,Ryo,Email,126,2.11,44,82.29,282543.85,2022-06-22,2022-06-26
DDoS,High,Network,Roman,Firewall,168,67.3,81,44.06,382652.8,2026-03-06,2026-03-11
Phishing,Low,Workstation,Roman,SIEM,165,58.49,38,73.0,92546.57,2026-01-16,2026-01-20
Phishing,Critical,Database,Ryo,Network,196,60.44,99,27.69,113160.49,2023-07-10,2023-07-13
Ransomware,Critical,Database,Roman,Endpoint,158,7.62,94,10.92,727013.82,2022-06-09,2022-06-14
Ransomware,High,Network,Ej,Endpoint,52,53.45,6,35.89,944387.9,2025-03-10,2025-03-12
DDoS,Medium,Database,Ryo,Firewall,172,69.15,68,40.89,611137.75,2021-02-05,2021-02-08
Unauthorized Access,Low,Server,Roman,Email,21,49.18,51,2.64,716134.17,2022-11-16,2022-11-20
DDoS,Medium,Server,Jerean,SIEM,172,41.51,35,81.66,762207.77,2021-01-20,2021-01-25
Unauthorized Access,Low,Server,Jerean,Firewall,139,68.14,58,36.56,263551.46,2022-02-04,2022-02-06
Phishing,High,Database,Ej,Network,61,32.45,57,58.46,46184.4,2023-08-30,2023-09-02
Malware,Low,Server,Ryo,Network,12,43.55,73,8.32,2870.87,2026-03-22,2026-03-24
DDoS,Low,Network,Roman,Network,132,34.82,6,18.32,351298.63,2024-03-12,2024-03-16
DDoS,High,Database,Roman,Firewall,121,67.23,13,89.08,242222.76,2024-01-21,2024-01-23
Unauthorized Access,Medium,Cloud,Jerean,SIEM,60,6.4,59,61.26,63255.41,2023-04-14,2023-04-15
Phishing,High,Database,Ej,Endpoint,130,36.58,86,95.08,180348.76,2025-12-29,2026-01-01
Phishing,Low,Network,Jerean,Email,163,49.77,92,99.88,125374.4,2026-06-06,2026-06-08
Unauthorized Access,High,Cloud,Jerean,Endpoint,63,57.23,30,37.81,914963.5,2023-05-04,2023-05-08
Phishing,Low,Database,Ej,SIEM,62,42.39,100,30.58,141126.95,2021-02-20,2021-02-24
Ransomware,High,Server,Ryo,Endpoint,144,65.53,2,85.98,538110.82,2022-07-29,2022-07-31
Malware,Critical,Workstation,Roman,Firewall,180,67.88,58,99.86,593512.85,2024-02-23,2024-02-27
DDoS,Critical,Workstation,Ryo,Network,163,5.57,36,63.33,543945.97,2025-09-12,2025-09-17
Malware,High,Server,Kris,SIEM,112,29.57,72,79.72,99957.38,2022-11-13,2022-11-18
DDoS,Medium,Workstation,Kris,SIEM,215,2.67,45,78.39,319479.56,2023-04-18,2023-04-23
Ransomware,Low,Workstation,Kris,Endpoint,195,24.39,9,36.18,52219.06,2023-12-14,2023-12-15
Phishing,Critical,Server,Ej,Firewall,78,39.12,65,57.85,396274.24,2025-05-15,2025-05-17
Unauthorized Access,Medium,Server,Jerean,Endpoint,171,65.67,77,83.47,189410.33,2021-01-05,2021-01-06
Ransomware,Low,Database,Ryo,Endpoint,208,61.11,50,69.12,562070.9,2024-02-01,2024-02-05
Malware,Critical,Database,Roman,SIEM,152,10.05,79,3.1,693115.59,2024-05-04,2024-05-05
Unauthorized Access,Critical,Server,Kris,Endpoint,105,7.61,32,34.33,532587.74,2023-02-13,2023-02-17
Phishing,High,Network,Ryo,Network,52,42.84,98,15.3,434802.46,2023-05-27,2023-05-31
Ransomware,Low,Workstation,Kris,Endpoint,237,38.78,43,24.06,387946.09,2023-09-19,2023-09-22
Unauthorized Access,Medium,Database,Kris,Network,75,19.91,95,90.64,841850.08,2021-02-16,2021-02-21
Ransomware,Medium,Workstation,Roman,SIEM,120,64.86,78,4.65,220148.7,2021-09-26,2021-09-30
Ransomware,Medium,Cloud,Ej,Firewall,186,66.84,54,22.76,734484.12,2022-01-05,2022-01-08
Phishing,Low,Server,Jerean,Network,126,29.59,47,31.65,757724.84,2022-09-28,2022-10-03
DDoS,Medium,Network,Ej,Firewall,82,64.21,14,62.07,419780.81,2024-02-04,2024-02-08
Unauthorized Access,Medium,Cloud,Ryo,Firewall,207,28.26,48,53.88,298003.3,2025-08-21,2025-08-25
Phishing,Medium,Cloud,Ej,Network,203,53.31,55,22.61,471070.94,2025-08-10,2025-08-11
Ransomware,High,Cloud,Ryo,SIEM,33,34.79,29,17.26,94120.71,2022-10-19,2022-10-20
Phishing,High,Server,Ryo,Email,206,9.7,47,24.44,46884.1,2021-04-30,2021-05-05
DDoS,Low,Database,Jerean,Firewall,97,66.88,63,50.75,112491.6,2023-04-11,2023-04-15
Unauthorized Access,Low,Server,Roman,Firewall,77,33.24,19,27.85,187957.89,2025-12-16,2025-12-18
DDoS,Medium,Database,Jerean,SIEM,104,53.15,91,94.81,504672.64,2023-12-18,2023-12-19
Malware,High,Cloud,Ej,SIEM,180,27.07,9,46.92,849287.5,2026-05-29,2026-06-03
Unauthorized Access,Critical,Cloud,Ryo,Endpoint,78,2.34,37,6.82,236406.69,2024-10-01,2024-10-05
DDoS,Critical,Network,Kris,SIEM,215,8.14,92,73.2,935226.85,2023-01-11,2023-01-15
Ransomware,Medium,Database,Kris,Firewall,188,36.23,52,33.56,954953.0,2021-04-27,2021-04-29
Unauthorized Access,Medium,Cloud,Ryo,Network,99,49.99,57,65.7,958945.7,2026-01-28,2026-02-02
Unauthorized Access,High,Workstation,Jerean,Email,21,24.77,88,28.68,837725.17,2024-02-25,2024-02-29
Phishing,High,Network,Roman,Endpoint,141,50.38,28,57.5,364461.22,2026-04-16,2026-04-17
Ransomware,High,Server,Jerean,Network,101,50.6,36,77.44,73611.23,2023-10-10,2023-10-12
Malware,Low,Network,Ryo,Email,166,50.98,64,92.87,569249.91,2025-07-23,2025-07-28
DDoS,Low,Workstation,Ryo,Email,177,35.97,18,26.85,559122.76,2023-12-18,2023-12-20
Phishing,Medium,Database,Roman,Email,220,65.96,89,34.15,850125.79,2022-09-26,2022-09-27
DDoS,Low,Server,Ej,Network,13,35.73,35,46.96,995995.06,2022-05-28,2022-06-02
Malware,High,Server,Ej,Endpoint,139,32.97,68,92.79,508649.15,2024-01-25,2024-01-27
Malware,High,Database,Roman,Endpoint,148,15.16,78,90.24,345858.83,2024-02-16,2024-02-19
Unauthorized Access,Low,Network,Ej,Email,23,22.84,39,9.9,186715.81,2022-07-14,2022-07-15
Malware,Critical,Cloud,Kris,Network,235,4.01,90,14.06,5795.02,2022-05-03,2022-05-04
DDoS,Medium,Network,Ej,Email,138,45.98,8,50.06,509604.58,2023-06-16,2023-06-17
Ransomware,Critical,Workstation,Ej,SIEM,118,18.65,88,11.56,555963.15,2024-04-27,2024-04-30
Ransomware,Medium,Cloud,Ej,Endpoint,143,22.6,80,35.21,825113.54,2022-12-05,2022-12-08
Unauthorized Access,Critical,Network,Kris,Firewall,129,55.73,84,15.69,505072.39,2025-01-10,2025-01-14
DDoS,Low,Database,Ej,Email,208,24.23,15,63.97,916551.88,2022-08-04,2022-08-06
DDoS,Medium,Workstation,Kris,SIEM,65,18.2,7,95.0,628455.39,2021-06-03,2021-06-07
Malware,Medium,Workstation,Roman,Endpoint,46,13.0,17,99.68,840495.9,2025-08-07,2025-08-09
DDoS,Medium,Workstation,Jerean,Network,17,56.01,86,38.15,149153.43,2023-09-24,2023-09-27
Phishing,High,Cloud,Roman,Endpoint,144,10.21,86,60.3,855480.79,2024-05-28,2024-05-31
Malware,High,Server,Jerean,Network,89,33.22,64,85.77,675468.71,2023-12-29,2024-01-02
Phishing,Critical,Cloud,Roman,Network,206,36.99,12,12.63,171062.8,2023-10-06,2023-10-11
Unauthorized Access,Low,Network,Jerean,Email,24,49.8,82,69.27,190573.79,2026-11-12,2026-11-16
Ransomware,High,Server,Jerean,Email,54,45.96,56,41.48,926574.12,2025-11-09,2025-11-11
Unauthorized Access,Medium,Network,Ryo,Endpoint,168,58.56,46,21.41,33183.15,2023-08-16,2023-08-20
Ransomware,High,Server,Jerean,SIEM,96,4.18,47,40.87,463072.41,2022-03-29,2022-03-30
Unauthorized Access,Low,Cloud,Jerean,Endpoint,92,22.05,79,8.52,314161.81,2024-05-12,2024-05-14
DDoS,High,Workstation,Ryo,Firewall,73,20.89,16,69.85,665412.36,2022-07-05,2022-07-07
Phishing,Medium,Database,Ej,Network,41,11.37,69,26.02,839789.76,2025-06-24,2025-06-29
Ransomware,Critical,Workstation,Ej,Network,144,21.53,2,31.83,361017.74,2024-08-05,2024-08-08
Malware,Medium,Cloud,Ryo,Email,103,22.99,92,12.99,427475.19,2025-10-24,2025-10-26
Phishing,Low,Server,Kris,SIEM,129,38.05,54,86.6,981935.87,2021-12-23,2021-12-26
Malware,Critical,Workstation,Jerean,Email,172,48.12,27,49.85,784132.59,2026-09-02,2026-09-06
Phishing,High,Cloud,Jerean,Firewall,58,28.06,31,57.64,897306.93,2025-11-21,2025-11-22
Phishing,High,Network,Ryo,Endpoint,134,52.08,41,57.37,439323.46,2025-11-17,2025-11-22
Unauthorized Access,High,Database,Ryo,Endpoint,182,24.87,36,41.64,234842.13,2025-06-20,2025-06-23
Ransomware,Critical,Workstation,Kris,SIEM,45,21.61,47,20.06,412451.6,2023-10-13,2023-10-15
Ransomware,Medium,Server,Ej,Email,49,39.42,43,74.77,716375.83,2024-09-10,2024-09-13
Phishing,Critical,Network,Roman,Email,107,2.68,65,13.58,110320.97,2022-05-31,2022-06-02
DDoS,Critical,Cloud,Ej,Firewall,110,6.67,50,11.28,271198.64,2021-12-02,2021-12-05
DDoS,Low,Database,Jerean,Endpoint,141,30.68,93,71.3,47589.26,2025-11-18,2025-11-20
Malware,Critical,Server,Ryo,Email,194,67.95,1,21.67,432915.39,2022-05-12,2022-05-16
Malware,High,Cloud,Kris,SIEM,132,52.23,72,31.37,827618.29,2023-06-15,2023-06-17
Unauthorized Access,Medium,Cloud,Ej,Endpoint,90,7.26,57,48.05,25639.02,2023-05-02,2023-05-04
Phishing,Medium,Workstation,Kris,Firewall,51,61.09,16,45.49,675648.2,2025-08-15,2025-08-16
Malware,Medium,Workstation,Ej,SIEM,9,52.99,28,71.15,932563.38,2026-04-16,2026-04-18
Malware,High,Server,Jerean,Network,208,44.38,86,62.72,237690.93,2025-04-18,2025-04-19
Phishing,High,Cloud,Roman,Firewall,5,59.24,82,64.8,693941.21,2023-08-15,2023-08-20
Unauthorized Access,High,Workstation,Kris,SIEM,48,29.69,22,71.69,975126.8,2025-06-25,2025-06-26
Malware,High,Database,Kris,Email,154,16.73,41,29.97,962315.78,2024-07-15,2024-07-19
Unauthorized Access,High,Database,Roman,Network,42,37.35,76,32.91,235694.26,2024-12-11,2024-12-12
Ransomware,Critical,Cloud,Kris,Firewall,23,39.97,19,44.36,101230.72,2024-04-06,2024-04-11
Unauthorized Access,High,Workstation,Kris,Email,212,39.22,89,31.44,149134.26,2023-12-03,2023-12-07
DDoS,High,Server,Ej,Network,163,41.12,50,98.51,702333.63,2021-10-12,2021-10-15
DDoS,High,Server,Ej,Endpoint,119,68.36,59,81.59,726033.12,2021-01-12,2021-01-15
Unauthorized Access,High,Server,Roman,Email,199,65.06,69,17.3,674562.33,2025-06-19,2025-06-20
DDoS,Medium,Database,Jerean,SIEM,91,63.18,34,1.55,336742.31,2023-01-24,2023-01-25
Ransomware,High,Workstation,Kris,Firewall,174,57.9,39,5.24,170607.16,2026-09-14,2026-09-19
Phishing,Critical,Workstation,Jerean,Network,127,67.98,74,25.16,581180.33,2021-03-31,2021-04-05
DDoS,Critical,Database,Roman,Email,86,7.99,7,12.31,484196.77,2023-02-15,2023-02-17
DDoS,Critical,Server,Roman,Endpoint,158,19.82,52,53.8,729105.31,2025-06-14,2025-06-19
Unauthorized Access,Low,Server,Ej,Firewall,145,36.15,60,85.94,441918.72,2022-02-22,2022-02-24
Ransomware,Medium,Cloud,Kris,Firewall,62,61.1,52,73.94,339301.05,2021-04-25,2021-04-29
Phishing,High,Network,Ryo,Email,150,36.87,79,22.35,294185.1,2022-09-09,2022-09-10
Unauthorized Access,Low,Workstation,Roman,Endpoint,71,54.11,24,40.53,212258.85,2023-04-06,2023-04-10
Unauthorized Access,High,Workstation,Kris,Network,126,10.87,26,51.28,266480.63,2025-07-08,2025-07-13
Ransomware,Low,Workstation,Jerean,Email,91,18.92,90,81.21,95735.61,2025-02-25,2025-03-01
Phishing,Low,Network,Ej,Network,135,52.96,90,84.07,347510.15,2022-02-17,2022-02-21
Ransomware,Critical,Cloud,Jerean,Firewall,59,12.7,10,91.06,37533.24,2022-12-30,2023-01-03
Phishing,Critical,Network,Roman,Network,93,25.95,17,51.42,187227.43,2022-11-07,2022-11-12
Ransomware,Low,Server,Roman,Endpoint,223,19.81,78,69.73,747023.67,2026-03-08,2026-03-12
Unauthorized Access,Critical,Server,Jerean,SIEM,62,25.84,2,12.07,326143.52,2024-01-28,2024-01-30
Unauthorized Access,Low,Workstation,Roman,Endpoint,240,51.29,77,56.96,668568.78,2025-04-21,2025-04-26
Malware,Medium,Database,Kris,Network,67,27.12,27,25.62,717167.29,2023-09-05,2023-09-09
DDoS,Critical,Workstation,Roman,Email,95,40.42,73,43.74,581604.16,2023-10-06,2023-10-11
Ransomware,Critical,Database,Ej,Firewall,56,8.1,71,63.77,958739.04,2026-11-14,2026-11-17
Malware,Critical,Network,Kris,SIEM,235,58.16,48,26.44,22418.43,2025-08-15,2025-08-17
DDoS,Medium,Server,Ryo,Email,221,27.26,74,6.17,738914.0,2021-02-06,2021-02-10
Ransomware,Low,Database,Roman,Email,130,47.05,9,2.01,958827.86,2025-03-29,2025-04-01
Phishing,High,Network,Roman,Endpoint,28,52.5,86,3.19,862409.46,2023-05-23,2023-05-26
DDoS,Critical,Server,Ej,Network,76,15.89,23,1.83,168724.8,2025-12-27,2026-01-01
Unauthorized Access,Low,Database,Ej,Endpoint,13,63.81,71,11.93,327493.49,2024-07-20,2024-07-23
Malware,Medium,Workstation,Jerean,Network,114,44.75,73,24.71,173279.39,2026-10-11,2026-10-13
DDoS,High,Workstation,Jerean,Endpoint,169,31.44,27,22.9,601707.06,2022-08-19,2022-08-21
DDoS,Critical,Workstation,Jerean,Email,98,13.95,88,98.69,712475.79,2026-03-19,2026-03-20
Unauthorized Access,Medium,Network,Ej,Firewall,121,67.9,93,31.29,317756.7,2022-12-30,2023-01-01
Ransomware,Medium,Workstation,Jerean,Network,87,54.61,81,13.61,539967.07,2024-09-27,2024-09-30
Phishing,High,Cloud,Jerean,SIEM,185,15.77,84,55.01,691229.65,2022-02-01,2022-02-03
Unauthorized Access,Low,Server,Ryo,SIEM,84,24.98,71,85.94,421918.48,2022-11-30,2022-12-05
Phishing,Critical,Network,Jerean,Email,156,58.49,43,68.13,854161.51,2025-06-24,2025-06-25
Ransomware,Critical,Workstation,Roman,Endpoint,240,50.39,7,30.31,771778.39,2022-01-31,2022-02-03
DDoS,Low,Server,Ej,Endpoint,153,55.37,92,56.6,65600.88,2021-03-17,2021-03-18
Phishing,Low,Database,Kris,Email,104,32.33,83,71.77,621504.17,2021-09-22,2021-09-25
Malware,Low,Workstation,Ryo,SIEM,44,51.87,63,73.08,236090.23,2025-12-25,2025-12-30
Malware,High,Server,Ej,SIEM,107,28.44,84,66.99,557960.75,2022-12-19,2022-12-20
Unauthorized Access,High,Cloud,Ej,Endpoint,66,16.0,44,87.21,956931.55,2023-05-01,2023-05-05
Ransomware,Critical,Database,Roman,Network,202,45.92,39,87.14,879182.94,2024-10-22,2024-10-25
Unauthorized Access,High,Cloud,Jerean,Firewall,73,70.3,40,58.31,405111.89,2021-05-24,2021-05-28
Unauthorized Access,Medium,Server,Roman,Network,146,23.05,7,43.56,292222.34,2023-06-04,2023-06-05
Unauthorized Access,Critical,Cloud,Jerean,SIEM,113,33.73,70,64.52,235171.34,2022-01-31,2022-02-04
Malware,High,Server,Jerean,Network,174,48.85,25,82.0,532982.35,2025-02-01,2025-02-05
Malware,Low,Server,Ej,Firewall,182,39.45,59,1.56,115134.2,2024-03-13,2024-03-14
Unauthorized Access,Medium,Cloud,Jerean,Network,193,60.88,13,99.21,549725.73,2023-11-29,2023-12-04
Malware,Low,Server,Ryo,Network,8,55.08,86,19.11,2332.31,2026-11-27,2026-12-01
Ransomware,Critical,Workstation,Ryo,Network,76,5.14,81,47.55,324525.78,2023-12-02,2023-12-06
Unauthorized Access,Low,Server,Ryo,Network,220,71.89,86,87.33,220714.38,2024-04-24,2024-04-29
Malware,High,Network,Ej,Email,207,54.42,98,23.28,971247.57,2022-09-26,2022-09-30
Phishing,High,Server,Roman,SIEM,21,62.34,62,48.2,727515.08,2024-03-02,2024-03-06
Unauthorized Access,Critical,Network,Kris,Firewall,118,47.24,8,14.13,350303.73,2024-05-23,2024-05-27
Unauthorized Access,Low,Server,Jerean,SIEM,89,61.8,45,40.11,93752.24,2023-01-03,2023-01-05
Ransomware,Critical,Server,Kris,Email,61,8.98,18,18.54,517283.79,2021-08-23,2021-08-28
DDoS,Low,Cloud,Roman,Email,222,25.69,88,37.0,214234.43,2023-01-21,2023-01-25
DDoS,Medium,Workstation,Roman,Email,111,63.23,60,37.97,536893.12,2023-08-12,2023-08-17
Ransomware,High,Workstation,Ej,Email,52,15.32,60,99.32,835526.99,2025-03-23,2025-03-26
Ransomware,Critical,Database,Ryo,Network,176,6.56,2,99.49,616176.76,2024-04-12,2024-04-15
Ransomware,Medium,Cloud,Ryo,SIEM,177,56.96,66,12.36,634154.63,2025-08-04,2025-08-08
DDoS,Medium,Cloud,Roman,Endpoint,223,60.32,91,72.87,541489.26,2024-04-06,2024-04-11
Ransomware,Critical,Workstation,Ej,Firewall,212,12.55,14,6.12,927338.37,2024-11-17,2024-11-22
Malware,Critical,Cloud,Ej,Email,222,61.66,48,3.99,931970.78,2024-05-02,2024-05-07
Unauthorized Access,Medium,Workstation,Jerean,SIEM,121,49.76,56,11.43,513210.48,2025-03-21,2025-03-23
Unauthorized Access,Low,Cloud,Ryo,Email,165,37.93,12,96.58,306453.73,2026-09-08,2026-09-11
Phishing,Medium,Server,Roman,Email,35,59.95,96,94.15,460127.42,2024-12-16,2024-12-21
Phishing,Critical,Workstation,Kris,Email,116,30.77,92,20.2,187371.35,2025-02-28,2025-03-05
Unauthorized Access,Medium,Workstation,Ryo,Email,51,14.77,55,17.01,636707.97,2024-10-20,2024-10-22
Malware,Low,Network,Jerean,Email,138,21.22,28,24.81,500592.24,2026-01-31,2026-02-02
DDoS,High,Cloud,Ej,Firewall,112,36.87,89,52.04,104197.18,2024-09-27,2024-10-02
DDoS,High,Cloud,Roman,SIEM,76,38.72,4,57.4,198450.13,2022-05-15,2022-05-16
Malware,Medium,Workstation,Ryo,Email,75,58.2,90,22.94,480152.32,2025-08-08,2025-08-13
DDoS,Low,Server,Kris,Email,166,57.19,36,75.91,887701.4,2022-05-26,2022-05-31
Ransomware,High,Server,Jerean,Email,112,42.28,50,31.65,566824.33,2021-08-05,2021-08-07
Unauthorized Access,Medium,Server,Jerean,Email,57,56.44,3,92.29,681853.47,2024-08-17,2024-08-19
Unauthorized Access,Medium,Cloud,Ryo,Network,146,14.62,1,66.02,339689.52,2024-03-01,2024-03-06
Malware,Low,Network,Kris,Network,20,4.55,17,44.2,571839.98,2026-01-02,2026-01-07
DDoS,Critical,Workstation,Jerean,Endpoint,175,63.03,71,79.2,447932.44,2025-12-16,2025-12-21
Phishing,Medium,Database,Roman,Email,120,6.36,62,81.97,659470.78,2024-04-20,2024-04-22
Phishing,Critical,Network,Jerean,Endpoint,77,18.51,48,29.76,51524.99,2021-04-01,2021-04-06
DDoS,Critical,Database,Kris,Firewall,78,50.37,62,34.63,493806.92,2022-12-15,2022-12-20
Phishing,High,Network,Ej,Endpoint,85,30.07,69,93.66,296696.63,2026-02-25,2026-03-01
Malware,Critical,Server,Ej,SIEM,16,63.22,19,17.31,326858.88,2021-02-08,2021-02-09
Malware,Low,Cloud,Ryo,Network,132,22.16,34,5.17,960956.51,2021-06-22,2021-06-25
DDoS,High,Database,Kris,Network,74,1.84,99,45.95,183512.12,2022-10-15,2022-10-16
Phishing,High,Network,Jerean,Email,151,22.35,49,80.32,311934.01,2023-01-24,2023-01-28
Malware,High,Cloud,Jerean,Email,239,42.04,80,77.4,510382.68,2024-05-28,2024-05-31
Malware,Medium,Database,Ej,Firewall,45,27.69,47,92.03,863163.92,2023-12-18,2023-12-23
Ransomware,Medium,Workstation,Ej,Firewall,185,38.98,91,53.79,417253.41,2025-08-11,2025-08-15
Ransomware,Critical,Network,Roman,SIEM,161,63.24,50,10.91,744121.42,2022-04-01,2022-04-06
Malware,High,Workstation,Ej,Email,202,65.79,89,59.28,856517.72,2023-04-09,2023-04-11
DDoS,High,Server,Roman,Email,63,19.88,26,78.06,310706.34,2023-06-14,2023-06-18
Unauthorized Access,Low,Workstation,Jerean,Firewall,93,33.81,56,10.24,393357.43,2024-10-16,2024-10-18
Unauthorized Access,Critical,Workstation,Roman,Firewall,196,39.99,78,18.09,357199.67,2026-05-13,2026-05-17
Malware,Low,Network,Roman,Firewall,28,68.39,14,2.22,833022.95,2026-06-20,2026-06-24
Malware,Critical,Server,Ryo,Network,221,71.9,78,59.77,45302.52,2021-07-09,2021-07-11
Malware,Critical,Workstation,Ej,Endpoint,148,17.71,25,88.79,309112.67,2022-05-20,2022-05-23
DDoS,Medium,Cloud,Roman,Endpoint,184,52.62,100,67.4,679729.15,2024-04-29,2024-04-30
Ransomware,Medium,Database,Jerean,Email,84,27.84,4,98.22,565878.06,2025-03-12,2025-03-17
Malware,Low,Workstation,Kris,Network,138,1.58,79,7.24,436853.07,2023-04-04,2023-04-08
Malware,Critical,Server,Roman,Firewall,169,1.66,32,90.4,540408.28,2023-07-18,2023-07-23
Phishing,High,Workstation,Ej,Email,217,33.7,82,81.59,198387.0,2023-07-23,2023-07-25
DDoS,Medium,Database,Ryo,Network,136,35.67,78,32.11,431285.9,2024-02-15,2024-02-20
Malware,High,Server,Jerean,SIEM,230,2.6,65,97.38,502201.28,2021-05-14,2021-05-16
Phishing,Low,Network,Ryo,Network,96,49.77,61,29.51,901287.93,2026-10-07,2026-10-12
Unauthorized Access,Medium,Server,Kris,Email,170,21.87,20,89.04,261574.33,2022-11-16,2022-11-17
Malware,Medium,Network,Roman,Endpoint,173,40.75,74,88.19,867960.67,2026-01-27,2026-01-28
Malware,Critical,Server,Roman,Firewall,96,22.37,10,76.01,644597.16,2023-03-26,2023-03-27
Phishing,Low,Database,Ej,SIEM,85,12.87,88,56.78,21320.49,2024-03-18,2024-03-19
DDoS,Critical,Database,Roman,Network,146,29.91,34,12.88,724906.71,2021-03-21,2021-03-22
Malware,Medium,Server,Jerean,Email,75,17.49,61,53.67,36516.33,2021-07-22,2021-07-23
Unauthorized Access,Low,Workstation,Kris,Email,218,38.97,92,36.32,997383.75,2024-06-06,2024-06-08
Malware,Medium,Database,Ryo,Firewall,183,15.12,27,79.43,872764.05,2025-08-27,2025-08-31
Unauthorized Access,Low,Network,Kris,Email,69,37.1,40,76.05,298046.4,2024-06-04,2024-06-09
Ransomware,Medium,Network,Roman,Email,225,12.17,65,91.15,258153.82,2025-08-10,2025-08-11
Ransomware,High,Cloud,Ryo,Firewall,56,48.64,33,2.47,382059.64,2025-04-05,2025-04-07
Unauthorized Access,High,Network,Ej,SIEM,227,54.53,68,81.1,356810.8,2026-09-26,2026-09-28
DDoS,Critical,Cloud,Kris,Endpoint,34,8.84,71,93.91,372965.48,2024-06-10,2024-06-12
Malware,High,Server,Ryo,Endpoint,189,34.21,9,79.14,318958.27,2025-03-30,2025-04-03
Malware,Medium,Server,Ryo,Network,211,6.03,16,13.89,621512.27,2024-03-12,2024-03-17
Ransomware,Medium,Server,Ryo,SIEM,214,43.47,5,9.05,165099.4,2024-10-28,2024-11-01
Unauthorized Access,High,Workstation,Jerean,Network,103,19.77,98,3.06,846135.31,2022-04-16,2022-04-19
Malware,Critical,Workstation,Kris,Endpoint,162,38.46,23,63.25,812590.08,2023-11-02,2023-11-04
Malware,High,Cloud,Ryo,Firewall,102,37.74,43,63.34,477006.72,2024-09-15,2024-09-18
DDoS,Low,Network,Kris,Email,46,66.63,89,98.7,852877.24,2023-08-26,2023-08-27
Phishing,Low,Network,Ryo,Endpoint,143,39.98,57,40.41,247897.92,2021-12-24,2021-12-25
Ransomware,Low,Server,Ej,SIEM,31,42.39,51,33.86,18547.89,2022-10-30,2022-11-03
Ransomware,High,Database,Ej,Endpoint,156,29.52,13,62.82,619588.72,2022-01-08,2022-01-13
Phishing,High,Workstation,Ej,SIEM,231,68.38,24,82.74,458451.5,2023-10-29,2023-11-01
Malware,High,Workstation,Roman,SIEM,171,56.18,11,93.74,567597.38,2024-02-20,2024-02-25
DDoS,Low,Server,Ryo,SIEM,76,21.26,52,80.51,899440.07,2024-10-03,2024-10-07
DDoS,Critical,Workstation,Roman,Network,22,60.94,17,43.24,969955.65,2021-03-31,2021-04-01
Ransomware,Medium,Server,Kris,Firewall,81,31.7,37,63.86,634818.69,2022-06-24,2022-06-29
DDoS,High,Cloud,Roman,Endpoint,49,59.84,13,85.77,764291.53,2023-05-19,2023-05-24
Phishing,Critical,Network,Kris,Firewall,220,59.43,62,49.57,84724.63,2021-02-10,2021-02-11
Malware,Medium,Database,Kris,Email,119,14.41,91,22.45,161554.87,2023-01-10,2023-01-13
Phishing,Medium,Network,Kris,Endpoint,91,50.78,84,17.8,733471.6,2026-05-01,2026-05-02
Unauthorized Access,Medium,Network,Roman,Firewall,144,21.64,97,1.02,431934.09,2024-05-09,2024-05-14
Ransomware,Critical,Cloud,Ryo,Firewall,181,22.12,96,72.11,446519.31,2023-07-18,2023-07-21
DDoS,Critical,Workstation,Roman,Email,226,22.04,8,12.0,309299.07,2026-07-30,2026-08-02
Unauthorized Access,Low,Database,Ryo,SIEM,163,52.52,56,25.14,607749.03,2023-07-14,2023-07-15
DDoS,Critical,Workstation,Ryo,Endpoint,96,17.32,93,30.49,185979.88,2025-05-01,2025-05-06
Malware,Critical,Network,Kris,Endpoint,26,1.06,83,56.48,627289.36,2022-01-25,2022-01-29
Malware,Critical,Server,Roman,Email,176,51.78,70,40.4,174625.06,2025-06-06,2025-06-11
Malware,Medium,Network,Ryo,SIEM,96,13.15,44,67.79,64762.21,2021-09-13,2021-09-15
DDoS,High,Workstation,Ej,Endpoint,196,8.42,60,6.51,331027.33,2022-12-10,2022-12-14
Unauthorized Access,Low,Network,Ryo,Endpoint,81,17.86,41,13.27,231909.2,2026-01-13,2026-01-16
Malware,High,Server,Ej,Endpoint,29,27.97,21,50.42,889102.65,2026-04-29,2026-05-03
Unauthorized Access,High,Cloud,Roman,SIEM,112,34.79,86,34.36,55898.5,2021-01-10,2021-01-13
DDoS,Critical,Workstation,Roman,Email,183,4.16,42,30.29,177437.08,2023-03-09,2023-03-12
Unauthorized Access,Low,Network,Roman,Endpoint,139,69.91,74,7.64,549170.89,2023-05-27,2023-05-31
DDoS,High,Workstation,Ryo,Firewall,113,51.84,74,89.68,481586.12,2023-10-26,2023-10-29
DDoS,High,Cloud,Jerean,SIEM,138,23.95,29,69.49,46806.17,2023-10-13,2023-10-16
Ransomware,Low,Network,Ryo,Network,28,23.63,80,13.04,8245.18,2025-12-30,2026-01-01
DDoS,Critical,Network,Ryo,Email,23,32.85,65,7.44,988079.87,2022-01-09,2022-01-14
DDoS,High,Workstation,Kris,Firewall,87,45.46,17,97.51,659175.87,2021-08-12,2021-08-17
Phishing,Medium,Workstation,Kris,Endpoint,232,11.39,30,68.44,366040.72,2024-06-16,2024-06-18
Malware,High,Server,Ryo,Network,119,14.41,26,42.33,470961.82,2025-12-08,2025-12-12
Ransomware,Medium,Cloud,Ej,Email,13,62.02,53,70.47,267283.57,2023-05-03,2023-05-04
Ransomware,Critical,Server,Kris,SIEM,116,19.19,19,75.88,345528.91,2021-03-04,2021-03-05
Ransomware,High,Network,Ryo,Network,168,27.99,53,78.22,649395.42,2024-05-25,2024-05-26
Phishing,Low,Workstation,Jerean,Network,106,62.86,85,48.31,882928.99,2022-11-20,2022-11-22
DDoS,Low,Network,Ej,Firewall,172,48.08,17,43.56,184945.89,2025-01-24,2025-01-26
Malware,High,Network,Roman,Email,225,25.26,46,2.09,840521.14,2025-06-22,2025-06-25
Unauthorized Access,Critical,Database,Ryo,Firewall,156,49.54,85,92.73,122435.07,2026-11-23,2026-11-24
DDoS,Critical,Database,Ryo,Firewall,52,2.4,53,60.73,215777.23,2022-05-26,2022-05-30
Phishing,Low,Network,Ej,Endpoint,195,53.23,64,21.11,38138.11,2022-01-20,2022-01-24
DDoS,High,Workstation,Kris,SIEM,73,35.58,45,92.04,141671.05,2022-02-09,2022-02-10
DDoS,Critical,Network,Kris,Network,185,58.74,49,91.58,917385.84,2022-06-02,2022-06-03
Phishing,Low,Database,Kris,Email,186,68.78,19,98.93,459979.31,2022-04-21,2022-04-22
Ransomware,Medium,Workstation,Roman,SIEM,174,66.73,71,87.53,78588.2,2026-06-24,2026-06-26
Ransomware,High,Network,Ej,SIEM,123,65.56,81,99.78,959767.11,2025-07-27,2025-07-29
Malware,Medium,Cloud,Ej,Email,49,37.36,65,25.22,879113.32,2026-03-09,2026-03-11
Malware,Medium,Cloud,Kris,SIEM,129,26.57,37,84.38,754927.84,2024-12-31,2025-01-05
Ransomware,Critical,Network,Kris,Endpoint,222,34.02,70,82.48,933539.32,2022-12-15,2022-12-19
Unauthorized Access,Critical,Workstation,Jerean,SIEM,18,49.98,26,23.86,220909.29,2021-03-24,2021-03-28
DDoS,Critical,Network,Jerean,Endpoint,235,63.76,2,10.75,836532.92,2024-03-14,2024-03-17
Unauthorized Access,High,Network,Ryo,Network,161,15.7,59,97.96,690301.21,2026-03-17,2026-03-19
DDoS,Medium,Database,Ryo,Network,138,66.19,96,30.31,869889.49,2026-08-11,2026-08-16
Ransomware,High,Cloud,Ej,Firewall,139,58.88,5,87.22,797114.65,2021-02-20,2021-02-25
Malware,Critical,Database,Ej,Endpoint,41,70.5,37,1.41,347148.57,2022-11-16,2022-11-20
Malware,Medium,Database,Roman,Network,57,63.5,31,3.08,774624.14,2022-12-18,2022-12-20
Unauthorized Access,High,Network,Roman,SIEM,22,20.88,76,47.12,263193.85,2025-01-09,2025-01-12
Malware,High,Database,Jerean,Email,219,8.52,99,24.63,329263.57,2022-03-25,2022-03-27
Ransomware,Low,Cloud,Ryo,Email,240,8.97,94,69.29,108797.81,2023-05-31,2023-06-01
Unauthorized Access,High,Database,Jerean,Endpoint,42,21.68,48,56.99,935141.54,2022-05-03,2022-05-05
DDoS,Critical,Cloud,Jerean,Firewall,191,44.61,6,8.67,291712.36,2025-12-29,2025-12-30
Malware,High,Database,Ryo,SIEM,133,58.11,15,17.1,521101.84,2026-09-13,2026-09-14
Phishing,Medium,Cloud,Roman,Endpoint,200,64.85,15,39.42,391941.5,2026-11-13,2026-11-16
Malware,High,Database,Ryo,Email,48,45.29,61,19.37,959968.19,2025-04-24,2025-04-28
DDoS,Low,Database,Kris,Endpoint,51,1.4,16,79.43,335714.12,2021-09-07,2021-09-09
Unauthorized Access,Medium,Workstation,Kris,SIEM,39,14.23,20,42.19,778767.28,2022-11-05,2022-11-06
DDoS,Medium,Cloud,Kris,Network,219,8.08,77,10.25,855560.74,2022-03-14,2022-03-16
Phishing,Low,Cloud,Ej,SIEM,223,26.8,44,48.95,436170.89,2026-12-06,2026-12-10
Ransomware,Critical,Cloud,Roman,Network,64,36.6,42,9.99,378793.64,2023-02-10,2023-02-14
Malware,Medium,Server,Roman,Network,94,4.08,46,13.76,747998.08,2021-09-25,2021-09-30
Unauthorized Access,Critical,Database,Ej,Network,56,25.74,95,24.72,912983.08,2026-06-08,2026-06-12
Ransomware,Medium,Cloud,Jerean,Endpoint,12,13.72,34,86.09,755176.8,2023-12-14,2023-12-17
DDoS,Medium,Server,Kris,Email,111,46.94,64,92.54,227899.24,2021-08-24,2021-08-25
Unauthorized Access,Critical,Workstation,Kris,Endpoint,212,33.96,29,82.8,888419.44,2022-01-24,2022-01-29
Ransomware,Medium,Cloud,Jerean,Email,173,36.17,3,34.07,388194.09,2023-02-02,2023-02-05
Unauthorized Access,Critical,Cloud,Ryo,SIEM,135,31.37,9,27.97,576653.18,2026-01-23,2026-01-25
Phishing,Low,Server,Ryo,Firewall,228,68.88,75,55.37,831604.18,2022-09-16,2022-09-17
Phishing,Critical,Database,Roman,SIEM,201,16.25,75,72.46,189206.37,2024-06-06,2024-06-10
Malware,Low,Workstation,Ej,Endpoint,216,37.68,25,99.34,784725.63,2022-08-01,2022-08-02
Malware,Medium,Cloud,Roman,Endpoint,146,53.26,86,14.03,596566.64,2026-10-24,2026-10-26
Phishing,Critical,Database,Ryo,Email,100,40.54,42,5.88,893448.3,2022-03-11,2022-03-16
Unauthorized Access,Medium,Workstation,Jerean,Endpoint,30,66.96,46,69.74,172798.43,2026-11-21,2026-11-26
Phishing,Critical,Network,Roman,Network,115,27.84,73,83.39,421261.55,2023-02-03,2023-02-08
Malware,Low,Network,Kris,Endpoint,202,33.92,84,84.79,833010.25,2024-08-22,2024-08-26
Phishing,Low,Workstation,Kris,Email,127,7.29,59,68.17,20212.47,2026-11-16,2026-11-19
Phishing,Critical,Server,Jerean,Email,190,44.24,21,95.45,113089.17,2024-09-20,2024-09-23
Unauthorized Access,Low,Workstation,Ryo,Network,232,21.46,74,51.59,990574.65,2022-03-23,2022-03-24
Ransomware,Medium,Workstation,Kris,Email,172,12.38,22,91.47,281113.78,2026-07-11,2026-07-15
Malware,Medium,Server,Kris,Firewall,55,39.66,29,96.81,975567.65,2024-08-24,2024-08-29
Unauthorized Access,High,Server,Ej,SIEM,127,38.79,63,84.87,183349.02,2021-09-06,2021-09-11
Phishing,Low,Database,Roman,Endpoint,9,6.39,73,31.67,361733.35,2021-06-15,2021-06-17
Phishing,Medium,Database,Ryo,Firewall,81,50.57,61,20.43,753116.58,2024-09-20,2024-09-22
Ransomware,Critical,Server,Roman,Endpoint,164,45.29,64,55.26,658120.63,2023-10-17,2023-10-22
Malware,Low,Network,Ryo,Firewall,212,14.42,69,45.85,581541.28,2022-06-26,2022-07-01
Malware,Medium,Network,Kris,Endpoint,5,34.33,40,87.9,530369.28,2023-01-29,2023-02-02
DDoS,Low,Workstation,Ej,Network,209,52.14,75,10.9,843597.0,2026-10-30,2026-11-02
Malware,Critical,Cloud,Roman,Email,186,38.59,1,26.52,235713.61,2026-12-21,2026-12-23
Ransomware,Medium,Workstation,Kris,Email,15,29.08,65,75.43,443028.46,2023-03-08,2023-03-11
DDoS,High,Workstation,Ryo,Network,185,23.89,62,10.4,156296.84,2021-05-18,2021-05-22
DDoS,High,Cloud,Roman,Firewall,12,44.34,54,32.76,596345.65,2024-09-15,2024-09-20
Phishing,Low,Server,Roman,SIEM,157,67.68,60,39.33,251293.88,2026-02-19,2026-02-22
Phishing,Critical,Network,Kris,Firewall,172,48.69,46,62.64,334508.22,2021-03-10,2021-03-15
Malware,Medium,Workstation,Roman,Email,36,6.31,5,16.66,471779.47,2026-10-02,2026-10-07
DDoS,Critical,Cloud,Ej,SIEM,220,33.71,22,86.2,27743.82,2025-01-13,2025-01-14
Phishing,Medium,Database,Ej,Endpoint,32,64.25,90,45.31,92846.0,2021-07-24,2021-07-27
Ransomware,Low,Workstation,Kris,SIEM,210,7.71,53,91.79,686243.29,2026-12-14,2026-12-17
Phishing,Medium,Network,Ryo,Firewall,135,71.21,70,47.32,429541.01,2021-02-12,2021-02-17
Phishing,Critical,Server,Kris,Network,232,68.38,32,28.23,864925.43,2026-03-22,2026-03-26
DDoS,Critical,Workstation,Ej,Endpoint,132,6.56,11,15.04,694977.33,2026-11-29,2026-11-30
DDoS,Low,Workstation,Jerean,Firewall,223,67.27,10,1.37,9092.84,2023-01-31,2023-02-05
Unauthorized Access,Critical,Cloud,Jerean,Endpoint,216,26.78,39,53.68,617095.62,2026-11-13,2026-11-15
Ransomware,Medium,Database,Roman,SIEM,211,60.97,98,11.61,94631.14,2026-06-18,2026-06-20
DDoS,Low,Database,Roman,Email,66,30.71,31,39.78,781152.25,2026-04-20,2026-04-21
Malware,Medium,Server,Jerean,Firewall,31,32.3,12,59.34,991516.18,2023-06-19,2023-06-23
Ransomware,Critical,Network,Ej,Network,49,46.03,80,28.29,531667.6,2021-12-26,2021-12-31
Ransomware,Low,Server,Roman,SIEM,109,55.99,38,18.35,683096.72,2025-09-16,2025-09-19
DDoS,Medium,Workstation,Kris,Firewall,96,3.4,67,77.7,238076.85,2021-10-08,2021-10-09
Ransomware,Critical,Workstation,Kris,Network,29,43.11,66,94.73,438160.15,2026-03-03,2026-03-07
DDoS,Critical,Database,Ej,Firewall,238,14.26,52,10.94,856239.24,2022-10-29,2022-11-01
Phishing,High,Network,Roman,SIEM,193,25.56,5,16.4,168255.52,2021-04-03,2021-04-05
Unauthorized Access,Critical,Cloud,Kris,Firewall,48,25.71,11,96.04,266270.07,2022-11-03,2022-11-05
Phishing,Medium,Network,Roman,Endpoint,229,34.3,25,4.74,445988.24,2026-05-24,2026-05-27
DDoS,Low,Workstation,Roman,SIEM,178,24.72,35,97.79,712536.64,2021-03-02,2021-03-03
DDoS,High,Cloud,Kris,Firewall,146,8.62,35,1.46,376508.07,2023-10-26,2023-10-28
Phishing,Critical,Network,Jerean,Email,140,11.34,22,87.49,927804.55,2025-01-29,2025-02-03
Malware,Critical,Network,Kris,Firewall,180,3.37,37,31.43,95362.59,2022-08-27,2022-08-30
Malware,Critical,Cloud,Ej,Endpoint,146,34.39,86,93.92,371433.39,2022-11-13,2022-11-16
Malware,Medium,Workstation,Ryo,Network,197,68.77,55,32.38,709245.17,2024-11-29,2024-12-01
DDoS,High,Network,Kris,Network,84,9.21,75,65.78,226760.78,2022-06-08,2022-06-09
Ransomware,Medium,Cloud,Roman,Network,86,68.18,96,8.92,656756.72,2026-05-23,2026-05-28
DDoS,High,Workstation,Roman,Email,139,53.07,99,24.99,165052.74,2024-01-07,2024-01-08
Ransomware,Low,Cloud,Kris,Endpoint,211,46.26,95,77.59,56924.3,2025-10-20,2025-10-24
Phishing,Medium,Cloud,Ryo,SIEM,92,46.81,72,53.34,121894.7,2026-01-11,2026-01-15
Unauthorized Access,Medium,Network,Kris,Network,181,59.7,64,92.87,930054.8,2026-09-26,2026-09-28
Ransomware,Low,Workstation,Ryo,Endpoint,131,8.59,20,43.45,552199.13,2024-02-19,2024-02-21
Malware,High,Network,Ryo,Firewall,59,36.84,98,87.11,796549.43,2023-12-16,2023-12-18
DDoS,Critical,Server,Ej,Email,145,50.49,4,45.45,333321.85,2021-04-17,2021-04-21
Phishing,Low,Server,Roman,Endpoint,205,42.66,18,97.95,593065.99,2021-02-17,2021-02-18
Malware,Critical,Workstation,Roman,Endpoint,188,60.13,51,96.02,495457.18,2021-12-03,2021-12-04
Phishing,Critical,Cloud,Ryo,SIEM,60,6.13,68,33.58,945792.22,2023-11-16,2023-11-18
Unauthorized Access,Low,Network,Roman,Endpoint,19,50.04,20,88.71,747827.06,2024-07-04,2024-07-09
DDoS,High,Network,Jerean,SIEM,189,38.92,9,84.91,730812.09,2026-08-18,2026-08-19
DDoS,Critical,Workstation,Ryo,Email,62,27.92,80,21.86,47306.92,2022-09-17,2022-09-21
Unauthorized Access,Low,Workstation,Roman,Email,167,25.16,26,62.8,550120.0,2026-03-06,2026-03-09
DDoS,Medium,Server,Jerean,Firewall,92,45.08,25,8.2,467524.46,2024-06-30,2024-07-03
Ransomware,Medium,Database,Ej,SIEM,101,64.26,68,83.83,927914.42,2025-09-12,2025-09-15
Phishing,Medium,Workstation,Roman,SIEM,148,36.23,41,18.28,258084.65,2021-10-30,2021-11-04
Malware,Low,Database,Jerean,Network,12,59.56,59,8.01,270563.62,2022-10-01,2022-10-03
Unauthorized Access,Medium,Workstation,Kris,Network,225,29.55,45,40.62,411934.9,2021-02-25,2021-03-01
Ransomware,Critical,Cloud,Kris,Firewall,219,8.27,41,58.12,244126.34,2022-12-27,2023-01-01
Malware,Medium,Cloud,Jerean,Email,177,5.37,38,85.64,130054.73,2022-06-10,2022-06-14
Malware,Medium,Server,Ryo,Network,227,4.64,19,97.45,857557.43,2022-04-19,2022-04-23
Unauthorized Access,Critical,Server,Ryo,Endpoint,44,27.99,14,44.51,558718.25,2021-01-28,2021-01-30
Ransomware,Medium,Database,Roman,Email,186,24.94,21,6.98,861501.36,2026-10-27,2026-10-30
Malware,Critical,Workstation,Kris,Endpoint,18,51.97,15,75.16,831303.63,2021-12-31,2022-01-02
Malware,Medium,Network,Ryo,SIEM,191,53.74,3,56.95,282760.31,2022-06-10,2022-06-15
Ransomware,Critical,Server,Ryo,Email,226,4.61,37,45.34,548189.71,2024-08-28,2024-09-02
DDoS,Medium,Network,Kris,Firewall,57,16.7,46,31.62,84134.49,2023-06-02,2023-06-07
Malware,Critical,Network,Ej,SIEM,235,20.47,16,50.74,915336.63,2023-10-28,2023-10-30
Phishing,Low,Workstation,Ryo,SIEM,131,39.88,14,34.53,404858.45,2023-10-24,2023-10-28
Ransomware,Critical,Database,Jerean,Endpoint,159,11.26,9,75.94,394282.51,2025-07-05,2025-07-09
Malware,Medium,Workstation,Roman,SIEM,179,10.51,7,54.85,303452.62,2023-07-08,2023-07-09
Unauthorized Access,Medium,Server,Ryo,Network,84,68.01,14,87.81,461203.08,2025-11-10,2025-11-15
Phishing,High,Network,Ryo,Email,119,58.1,6,54.81,252507.63,2025-03-12,2025-03-16
Malware,Critical,Workstation,Ej,Network,138,13.83,85,24.59,375477.42,2026-03-22,2026-03-23
Phishing,Low,Workstation,Jerean,Endpoint,59,29.87,15,85.26,800147.1,2024-04-30,2024-05-04
Phishing,Critical,Workstation,Roman,Endpoint,229,26.25,52,56.16,834421.25,2025-07-13,2025-07-18
DDoS,Critical,Server,Ryo,Email,48,57.16,72,21.48,304878.3,2022-04-30,2022-05-03
Phishing,Low,Database,Roman,SIEM,22,37.23,34,62.73,469545.42,2026-09-07,2026-09-12
DDoS,Critical,Workstation,Kris,Firewall,20,10.08,1,36.41,873945.96,2022-12-15,2022-12-17
Ransomware,Low,Server,Ryo,Endpoint,16,53.47,96,84.6,53620.66,2023-11-29,2023-12-03
DDoS,Low,Network,Ryo,Email,152,29.18,69,45.88,889255.82,2026-05-31,2026-06-04
Unauthorized Access,Critical,Cloud,Kris,Firewall,49,19.67,94,72.92,219965.16,2024-07-20,2024-07-22
Malware,Critical,Server,Ej,SIEM,196,27.66,86,10.46,678860.7,2024-06-08,2024-06-10
Ransomware,Medium,Cloud,Ryo,Endpoint,236,36.34,20,40.21,582969.14,2026-11-04,2026-11-07
Ransomware,Medium,Workstation,Roman,Email,191,25.36,80,98.34,553387.81,2021-05-06,2021-05-10
Unauthorized Access,High,Workstation,Jerean,Email,97,18.18,7,81.04,859500.86,2022-06-21,2022-06-25
DDoS,High,Server,Roman,Email,226,29.29,7,16.83,102470.57,2026-09-04,2026-09-07
Malware,Critical,Cloud,Ej,Endpoint,222,2.36,50,28.5,347681.0,2025-05-23,2025-05-24
DDoS,Low,Workstation,Jerean,Firewall,26,55.85,2,33.65,538714.49,2021-03-08,2021-03-11
Phishing,High,Network,Roman,Email,101,13.14,47,65.39,811477.57,2021-08-21,2021-08-26
DDoS,Critical,Database,Roman,SIEM,235,4.12,14,75.94,217226.64,2026-11-27,2026-12-01
Ransomware,High,Database,Kris,Email,51,47.41,31,75.2,803126.91,2024-03-15,2024-03-17
Malware,Low,Workstation,Ej,Firewall,33,55.95,50,51.48,400238.84,2026-11-29,2026-12-04
DDoS,Critical,Cloud,Kris,Endpoint,218,58.78,61,81.27,189724.94,2021-04-21,2021-04-25
Malware,Low,Workstation,Jerean,Email,49,36.04,41,44.27,759227.45,2025-02-02,2025-02-05
Malware,Critical,Cloud,Kris,Email,81,15.58,14,13.26,91808.0,2026-09-13,2026-09-18
Phishing,High,Network,Ej,SIEM,13,53.34,5,56.88,515252.61,2022-09-15,2022-09-19
Phishing,Medium,Cloud,Ryo,SIEM,28,50.68,75,95.28,64811.91,2025-03-22,2025-03-23
Ransomware,High,Workstation,Ryo,Email,19,18.49,5,79.51,357061.44,2024-07-29,2024-07-30
Unauthorized Access,High,Network,Jerean,Email,168,65.14,64,58.29,601475.72,2025-10-28,2025-10-30
Malware,Medium,Server,Ryo,SIEM,17,8.41,29,65.03,556559.43,2026-05-30,2026-06-03
Unauthorized Access,Medium,Database,Kris,Firewall,95,70.77,75,93.13,405250.76,2023-05-27,2023-05-28
Ransomware,Critical,Workstation,Jerean,Network,176,62.08,5,43.41,429618.95,2026-06-13,2026-06-16
Malware,Critical,Workstation,Ej,Network,105,49.84,96,33.81,227542.78,2024-08-05,2024-08-09
Malware,Low,Workstation,Jerean,Email,75,67.65,36,97.75,456426.71,2024-12-31,2025-01-03
Unauthorized Access,Low,Network,Jerean,SIEM,204,52.28,79,86.48,953301.6,2025-09-30,2025-10-03
DDoS,High,Server,Roman,Endpoint,233,14.52,19,32.98,850602.46,2025-05-25,2025-05-26
Phishing,Medium,Cloud,Roman,Endpoint,237,32.39,64,46.91,146087.64,2025-03-07,2025-03-11
DDoS,Low,Server,Jerean,Network,210,6.08,22,42.09,30751.01,2025-06-19,2025-06-24
Unauthorized Access,High,Network,Ryo,Firewall,126,28.67,34,15.76,933590.79,2024-03-06,2024-03-07
Phishing,Medium,Workstation,Roman,Network,80,53.65,56,95.82,527223.0,2023-01-29,2023-01-30
DDoS,Critical,Database,Ej,Email,168,28.44,17,41.03,538299.99,2021-08-31,2021-09-04
Phishing,High,Workstation,Kris,Firewall,120,24.45,76,87.66,780937.28,2023-11-30,2023-12-04
Malware,Critical,Cloud,Roman,Endpoint,65,43.27,89,19.75,315374.28,2021-08-17,2021-08-20
DDoS,Low,Database,Jerean,SIEM,236,62.93,56,55.24,482425.66,2023-07-09,2023-07-13
Phishing,Low,Workstation,Ryo,SIEM,213,4.38,17,3.37,968694.25,2024-05-31,2024-06-03
Phishing,Medium,Database,Kris,Email,172,28.37,74,76.66,672476.54,2021-01-06,2021-01-07
Phishing,High,Server,Roman,Network,225,12.24,92,58.51,154591.29,2022-04-13,2022-04-15
DDoS,Critical,Network,Ryo,Email,130,50.37,82,62.93,134093.52,2025-10-22,2025-10-27
Ransomware,Medium,Workstation,Ryo,SIEM,159,8.51,18,6.12,205060.49,2021-03-16,2021-03-17
DDoS,Low,Cloud,Ryo,Endpoint,5,48.2,45,21.89,766944.96,2021-01-04,2021-01-08
Unauthorized Access,Low,Server,Jerean,SIEM,166,21.32,96,8.36,296081.63,2026-02-14,2026-02-19
DDoS,High,Workstation,Ej,Firewall,72,15.12,78,29.6,22367.46,2022-10-08,2022-10-10
Phishing,Critical,Server,Ryo,SIEM,92,67.48,56,63.12,944230.19,2021-04-28,2021-04-30
Malware,High,Cloud,Kris,SIEM,25,2.32,80,57.05,170543.7,2025-06-18,2025-06-21
DDoS,Critical,Workstation,Roman,Firewall,165,32.08,50,61.6,10548.63,2026-07-15,2026-07-20
DDoS,Critical,Cloud,Kris,Network,139,2.54,58,55.38,237894.47,2023-08-05,2023-08-08
Phishing,High,Database,Jerean,SIEM,197,35.34,18,28.03,235793.76,2025-01-04,2025-01-05
Malware,Medium,Cloud,Jerean,Email,237,36.57,80,25.21,422583.25,2021-07-13,2021-07-18
Malware,High,Database,Kris,SIEM,7,23.84,81,14.57,920469.44,2023-04-27,2023-04-28
Unauthorized Access,High,Workstation,Ej,Email,240,10.38,7,85.06,879305.73,2024-11-16,2024-11-19
DDoS,Low,Database,Jerean,Firewall,55,27.72,76,62.03,457437.66,2024-12-29,2025-01-03
Malware,Low,Workstation,Jerean,SIEM,83,48.73,98,19.46,411489.01,2025-07-27,2025-07-30
Malware,High,Workstation,Kris,Firewall,99,56.55,10,18.54,555454.08,2024-12-04,2024-12-09
Ransomware,High,Network,Jerean,Firewall,186,38.68,69,87.43,244210.56,2024-02-16,2024-02-19
Ransomware,Low,Workstation,Ej,Network,212,42.88,85,74.53,53132.81,2025-12-16,2025-12-18
Malware,Critical,Database,Ej,SIEM,206,15.24,3,66.28,939284.91,2022-12-25,2022-12-28
Unauthorized Access,High,Network,Ej,Email,225,21.4,83,41.28,187512.29,2021-08-13,2021-08-15
Malware,Medium,Network,Roman,Email,127,12.49,44,26.94,199202.33,2022-06-16,2022-06-19
Phishing,Medium,Workstation,Ej,SIEM,191,18.7,99,97.97,472987.87,2021-04-23,2021-04-28
DDoS,Medium,Cloud,Ej,Network,10,16.97,70,79.93,492121.73,2026-12-28,2027-01-02
Unauthorized Access,High,Cloud,Roman,Network,161,37.88,14,30.88,19415.78,2022-07-13,2022-07-18
Phishing,Critical,Network,Ryo,Network,21,40.95,4,84.91,148806.78,2026-08-11,2026-08-15
Unauthorized Access,Critical,Workstation,Jerean,Email,121,68.09,18,76.13,378776.66,2026-11-08,2026-11-09
Phishing,Low,Cloud,Ej,Firewall,64,14.89,93,30.41,684046.96,2022-10-16,2022-10-21
DDoS,High,Workstation,Jerean,Network,154,46.56,99,43.23,229190.04,2021-11-16,2021-11-18
DDoS,Critical,Workstation,Kris,Email,156,59.03,52,19.41,423591.43,2025-04-23,2025-04-28
Ransomware,High,Network,Jerean,Email,129,40.78,38,11.99,557787.72,2026-01-03,2026-01-07
Phishing,Low,Network,Roman,Firewall,85,19.11,80,72.55,888703.9,2026-04-02,2026-04-04
Ransomware,Low,Server,Jerean,SIEM,89,19.64,20,27.48,326744.43,2021-05-19,2021-05-23
Phishing,Low,Cloud,Jerean,SIEM,55,3.79,88,82.19,134424.71,2026-07-20,2026-07-22
Ransomware,Medium,Cloud,Jerean,Network,182,22.69,99,99.57,489782.95,2023-06-21,2023-06-24
DDoS,High,Cloud,Ryo,Network,143,53.87,44,8.59,746974.88,2022-11-21,2022-11-22
Unauthorized Access,Low,Database,Ryo,Firewall,188,4.37,51,47.83,110749.9,2026-08-02,2026-08-03
Ransomware,High,Workstation,Kris,Network,75,16.57,19,80.4,425258.81,2021-01-10,2021-01-14
Phishing,Medium,Network,Roman,Firewall,174,51.14,68,79.11,18767.36,2021-09-18,2021-09-19
Phishing,Medium,Cloud,Jerean,Email,43,56.57,97,76.24,34525.62,2026-04-27,2026-05-01
DDoS,Low,Server,Jerean,Network,73,33.33,66,35.55,483470.41,2025-08-01,2025-08-05
Phishing,Low,Cloud,Jerean,Email,240,50.56,13,45.93,298899.1,2026-08-23,2026-08-27
Malware,Critical,Workstation,Jerean,Endpoint,52,28.54,62,59.9,845262.19,2024-04-06,2024-04-07
Unauthorized Access,High,Workstation,Ryo,Firewall,129,12.35,61,97.42,602552.15,2025-06-08,2025-06-12
Ransomware,Low,Network,Kris,Endpoint,61,29.27,30,33.43,454479.03,2021-11-17,2021-11-18
Unauthorized Access,Critical,Database,Ej,Network,25,42.18,98,92.39,408527.44,2024-09-04,2024-09-08
DDoS,High,Network,Roman,Email,86,68.31,30,27.67,497748.23,2025-06-25,2025-06-30
Ransomware,Low,Cloud,Jerean,Network,103,5.88,51,98.92,41398.39,2026-06-18,2026-06-22
Ransomware,Critical,Server,Kris,Endpoint,152,37.02,88,67.36,892900.56,2026-04-28,2026-04-30
Malware,Critical,Network,Ej,Network,19,24.35,48,46.89,998304.85,2026-08-01,2026-08-05
DDoS,High,Database,Kris,SIEM,73,37.09,33,61.73,182305.64,2024-01-24,2024-01-27
Phishing,Critical,Network,Ryo,Endpoint,209,2.7,74,27.98,121262.58,2025-05-24,2025-05-28
Malware,High,Workstation,Ej,Network,183,23.22,82,28.14,144433.89,2021-08-24,2021-08-26
Malware,High,Cloud,Kris,Email,80,59.21,19,12.24,661366.03,2026-05-24,2026-05-26
Unauthorized Access,High,Cloud,Ryo,Network,66,40.33,71,12.29,661779.4,2021-11-30,2021-12-01
Unauthorized Access,Medium,Cloud,Kris,Email,123,32.99,57,35.42,848076.24,2026-03-24,2026-03-29
Unauthorized Access,Critical,Cloud,Kris,SIEM,217,21.27,19,76.52,752074.56,2022-01-11,2022-01-15
Malware,High,Cloud,Ej,Network,41,22.16,88,61.19,450239.98,2024-03-06,2024-03-07
Phishing,Low,Cloud,Ryo,SIEM,138,28.2,79,11.16,613242.51,2025-04-20,2025-04-25
Ransomware,Medium,Server,Jerean,Endpoint,203,60.33,41,85.37,688596.39,2024-08-12,2024-08-16
Unauthorized Access,Medium,Database,Roman,Email,30,69.67,42,60.54,513223.73,2026-01-30,2026-02-02
Phishing,Critical,Cloud,Ej,Endpoint,238,32.14,87,96.12,476175.33,2024-10-04,2024-10-08
DDoS,High,Database,Ryo,Email,12,28.93,52,67.35,645452.35,2023-05-23,2023-05-25
Unauthorized Access,Critical,Cloud,Kris,SIEM,205,61.11,4,18.34,557917.07,2024-06-06,2024-06-08
Ransomware,Medium,Network,Ryo,Firewall,223,31.31,4,47.9,644298.36,2026-01-26,2026-01-29
DDoS,High,Cloud,Roman,Network,8,40.19,5,65.2,613241.92,2024-08-07,2024-08-08
DDoS,Low,Workstation,Roman,SIEM,25,17.4,41,3.8,719477.36,2022-12-26,2022-12-31
Ransomware,High,Server,Jerean,Email,163,53.79,87,2.48,643160.71,2026-08-15,2026-08-19
Unauthorized Access,Medium,Network,Jerean,Email,153,38.77,61,13.81,520222.74,2021-03-19,2021-03-21
Malware,Low,Network,Roman,Email,236,58.44,75,25.91,682115.01,2021-05-12,2021-05-13
Ransomware,High,Workstation,Ej,Email,29,56.43,55,43.53,450032.48,2022-08-24,2022-08-27
Ransomware,Low,Cloud,Ej,Network,235,16.27,75,49.26,242429.55,2025-11-08,2025-11-10
Ransomware,Low,Server,Kris,Endpoint,147,51.81,13,14.66,2416.8,2023-12-02,2023-12-05
DDoS,Medium,Network,Jerean,Firewall,167,57.8,14,67.67,560404.18,2026-11-07,2026-11-11
Phishing,Low,Server,Kris,Network,181,25.57,60,60.02,591064.57,2026-02-07,2026-02-12
Malware,Critical,Network,Jerean,Email,47,13.26,72,30.15,972076.92,2024-08-11,2024-08-13
Unauthorized Access,Medium,Cloud,Roman,Network,173,1.19,25,2.35,362116.86,2022-09-08,2022-09-10
Unauthorized Access,Critical,Network,Ej,SIEM,41,33.01,82,8.69,394739.11,2026-03-04,2026-03-08
Phishing,Low,Network,Ej,Email,189,26.02,44,39.78,202597.78,2023-11-13,2023-11-14
Ransomware,Critical,Database,Roman,Firewall,46,40.4,82,16.24,71463.76,2022-07-29,2022-08-03
Malware,High,Cloud,Kris,Email,179,14.35,10,38.31,773031.69,2026-12-31,2027-01-02
Unauthorized Access,Low,Workstation,Kris,Firewall,96,62.04,71,63.19,250431.38,2023-09-20,2023-09-25
Unauthorized Access,High,Workstation,Ryo,Firewall,65,19.3,50,55.18,609295.96,2024-06-02,2024-06-04
Ransomware,Critical,Cloud,Jerean,Endpoint,146,17.08,44,23.89,688085.26,2022-05-18,2022-05-23
Phishing,High,Workstation,Kris,Endpoint,72,35.13,14,35.04,471765.45,2026-06-21,2026-06-24
Malware,Low,Cloud,Roman,Network,57,36.42,15,61.79,876475.76,2023-04-01,2023-04-03
Phishing,High,Workstation,Kris,Network,88,16.27,16,86.22,444351.05,2026-11-22,2026-11-27
Phishing,Critical,Database,Ej,Firewall,38,20.3,2,75.57,285623.71,2026-05-25,2026-05-26
Malware,Critical,Workstation,Jerean,Email,80,13.05,30,55.79,896119.51,2021-07-17,2021-07-20
Malware,Critical,Network,Ryo,SIEM,101,52.01,30,36.87,861702.72,2025-07-28,2025-07-31
Unauthorized Access,Low,Cloud,Jerean,SIEM,156,55.68,82,37.14,164875.91,2024-04-17,2024-04-18
Unauthorized Access,Critical,Server,Ej,Email,152,33.83,31,88.06,26935.06,2025-01-11,2025-01-16
Malware,Low,Server,Ej,Email,201,51.7,77,4.89,90895.57,2025-07-05,2025-07-09
DDoS,High,Cloud,Ej,Endpoint,234,53.25,20,98.81,287260.85,2025-08-20,2025-08-21
Unauthorized Access,Critical,Database,Ej,SIEM,34,10.82,49,66.77,972287.54,2024-08-05,2024-08-10
DDoS,High,Workstation,Roman,Firewall,92,69.6,35,68.43,558957.64,2026-07-29,2026-07-30
Malware,Medium,Database,Ryo,Network,239,59.29,23,4.76,373888.47,2022-04-23,2022-04-24
Unauthorized Access,High,Server,Ej,Endpoint,236,15.52,97,60.95,888827.38,2024-06-08,2024-06-10
Phishing,Medium,Cloud,Ej,SIEM,11,14.22,99,48.99,453683.2,2023-07-12,2023-07-17
Malware,High,Cloud,Kris,Email,40,9.92,100,11.47,315923.39,2022-02-24,2022-02-28
Ransomware,Low,Database,Ryo,SIEM,42,10.82,61,28.51,941278.31,2024-01-26,2024-01-28
DDoS,High,Database,Jerean,Firewall,212,54.12,84,89.14,849668.15,2023-08-09,2023-08-10
Malware,Low,Workstation,Ryo,Endpoint,56,34.35,55,55.45,843824.71,2024-07-01,2024-07-02
Malware,Low,Network,Ryo,Email,147,56.59,67,41.93,512772.46,2026-02-01,2026-02-02
Unauthorized Access,Critical,Network,Ryo,Firewall,178,53.98,8,8.2,789648.96,2022-06-01,2022-06-06
Unauthorized Access,Low,Workstation,Ej,Network,155,43.93,40,71.7,180174.01,2025-07-17,2025-07-22
Unauthorized Access,Medium,Network,Ej,Endpoint,144,49.73,59,70.58,573649.73,2026-02-09,2026-02-11
Ransomware,Critical,Server,Roman,Firewall,225,2.3,32,61.79,983862.08,2024-02-16,2024-02-20
Unauthorized Access,Critical,Network,Jerean,Firewall,176,23.14,93,51.52,291667.47,2026-04-17,2026-04-19
Malware,High,Workstation,Kris,Email,147,46.29,7,43.94,794557.98,2023-03-26,2023-03-29
Unauthorized Access,Low,Network,Ryo,Network,97,1.66,2,59.73,490987.93,2026-03-16,2026-03-17
Phishing,Low,Cloud,Jerean,Firewall,111,3.34,85,24.11,40765.88,2026-08-25,2026-08-26
Unauthorized Access,Medium,Database,Jerean,Endpoint,130,61.48,6,94.18,763256.38,2026-09-26,2026-09-27
Ransomware,High,Server,Roman,Firewall,53,49.57,92,59.29,169400.58,2021-05-10,2021-05-12
Phishing,High,Cloud,Kris,SIEM,25,19.84,36,31.81,631842.09,2021-04-05,2021-04-07
Malware,Critical,Cloud,Ryo,Endpoint,19,49.85,32,45.52,86578.53,2026-05-10,2026-05-11
Malware,Critical,Workstation,Kris,Endpoint,18,57.26,45,80.76,946920.53,2023-03-05,2023-03-07
DDoS,Critical,Database,Roman,Firewall,46,22.78,42,17.0,292432.16,2026-01-09,2026-01-14
Phishing,Medium,Database,Ej,Email,240,3.56,53,29.99,227238.23,2026-10-18,2026-10-23
DDoS,Medium,Server,Jerean,Endpoint,212,67.23,9,68.27,130007.27,2025-08-11,2025-08-13
Phishing,Critical,Workstation,Ryo,SIEM,19,25.51,75,32.23,946056.19,2021-01-11,2021-01-12
Phishing,High,Server,Ej,Email,238,8.56,87,79.46,712191.84,2026-02-09,2026-02-11
Ransomware,Medium,Network,Roman,Email,67,35.92,75,13.91,741919.23,2022-12-13,2022-12-15
DDoS,High,Cloud,Kris,Email,200,55.56,49,76.51,499905.16,2026-09-02,2026-09-04
Ransomware,High,Server,Jerean,Endpoint,31,16.74,2,7.77,475253.06,2023-03-26,2023-03-29
Phishing,Low,Cloud,Ryo,Email,219,20.13,67,2.25,110911.22,2021-12-12,2021-12-17
Malware,Critical,Workstation,Ej,Firewall,97,18.23,11,89.92,560281.25,2021-12-29,2022-01-02
Phishing,Low,Network,Ej,Email,109,71.41,50,58.55,247669.58,2026-12-29,2027-01-02
Ransomware,Critical,Workstation,Jerean,SIEM,57,15.02,35,35.83,977168.19,2023-09-12,2023-09-15
DDoS,Critical,Network,Kris,Network,56,41.86,15,24.03,796784.36,2025-06-28,2025-06-30
DDoS,High,Network,Roman,SIEM,67,66.69,75,62.07,413579.07,2023-04-08,2023-04-11
Ransomware,Critical,Cloud,Kris,Endpoint,205,11.43,31,51.39,152189.92,2021-12-22,2021-12-25
DDoS,High,Workstation,Kris,Email,185,69.93,92,99.17,785546.36,2024-09-09,2024-09-10
Unauthorized Access,High,Workstation,Kris,Email,61,68.27,62,98.34,122931.71,2026-02-07,2026-02-12
Malware,Critical,Server,Jerean,Firewall,124,63.8,28,63.87,190144.42,2021-05-07,2021-05-11
Malware,High,Workstation,Jerean,Email,56,16.23,96,44.84,212309.0,2022-08-27,2022-08-29
Malware,High,Server,Roman,SIEM,111,46.02,25,49.62,557333.75,2026-04-13,2026-04-17
DDoS,High,Database,Kris,Endpoint,47,55.02,84,68.57,787269.6,2023-10-11,2023-10-15
DDoS,Medium,Database,Jerean,Network,139,71.01,92,11.06,315000.56,2021-02-20,2021-02-25
Phishing,High,Database,Roman,Email,121,13.81,25,33.51,85585.14,2024-12-01,2024-12-05
Phishing,Medium,Workstation,Roman,Network,174,55.39,75,8.45,465073.93,2025-11-28,2025-12-02
Malware,Medium,Workstation,Kris,Email,8,25.05,83,8.26,748362.13,2025-06-25,2025-06-28
Unauthorized Access,High,Server,Ryo,Endpoint,201,13.47,92,20.39,222442.18,2025-07-04,2025-07-09
Phishing,High,Network,Kris,SIEM,137,30.92,1,49.04,220704.62,2024-04-20,2024-04-21
Phishing,Medium,Server,Ryo,Endpoint,207,57.36,59,78.69,947279.8,2026-01-29,2026-01-31
DDoS,Medium,Database,Roman,Network,237,34.0,69,49.06,954199.57,2022-07-21,2022-07-25
Unauthorized Access,High,Server,Jerean,Email,224,39.16,74,34.21,990475.27,2023-07-25,2023-07-27
Malware,High,Network,Ej,Network,84,71.66,42,9.15,807851.94,2026-04-19,2026-04-20
Phishing,Critical,Workstation,Roman,SIEM,45,29.34,34,55.48,188995.98,2024-08-25,2024-08-27
Unauthorized Access,Medium,Server,Jerean,Endpoint,226,44.69,100,27.86,212769.54,2021-07-21,2021-07-22
Unauthorized Access,Medium,Database,Roman,Network,136,26.93,66,61.88,340885.02,2021-04-27,2021-04-30
Malware,Critical,Database,Kris,Network,6,28.89,18,97.74,318814.4,2023-07-26,2023-07-30
Unauthorized Access,Medium,Workstation,Ryo,SIEM,199,50.39,77,12.02,956571.22,2022-07-29,2022-07-30
Unauthorized Access,Low,Server,Roman,Email,153,67.59,5,22.0,789284.91,2022-06-21,2022-06-23
Unauthorized Access,Medium,Network,Jerean,Network,202,39.51,20,47.84,724284.78,2025-06-14,2025-06-18
Phishing,Critical,Workstation,Kris,SIEM,47,55.56,66,96.89,186777.26,2026-10-24,2026-10-27
Malware,Low,Server,Ej,Email,86,7.33,75,77.41,909616.03,2022-01-21,2022-01-25
Unauthorized Access,High,Cloud,Kris,Email,112,15.99,62,89.92,828042.51,2022-04-20,2022-04-21
Unauthorized Access,Critical,Database,Ryo,Endpoint,201,36.65,94,34.04,164478.2,2022-02-22,2022-02-25
Phishing,Critical,Network,Kris,SIEM,141,2.42,96,99.21,871299.16,2023-07-28,2023-07-30
Malware,High,Network,Ej,Email,216,18.95,32,11.18,272975.29,2023-08-13,2023-08-16
DDoS,Critical,Network,Jerean,Endpoint,160,37.74,58,6.24,81788.88,2023-05-26,2023-05-29
Phishing,Medium,Database,Roman,Firewall,30,2.06,50,85.7,657165.48,2023-02-02,2023-02-07
Malware,High,Server,Ryo,SIEM,86,19.78,38,92.8,654150.85,2024-04-17,2024-04-20
Unauthorized Access,Critical,Workstation,Ej,Firewall,87,37.5,55,9.97,95837.08,2024-04-20,2024-04-23
Malware,High,Server,Ryo,Email,135,41.69,28,12.23,319532.96,2022-10-26,2022-10-30
Malware,High,Workstation,Kris,SIEM,77,66.73,74,4.28,992821.65,2021-01-25,2021-01-27
Malware,High,Network,Ryo,Endpoint,104,46.82,86,11.35,678748.24,2026-06-14,2026-06-18
DDoS,Low,Server,Ej,Email,227,30.45,81,21.73,730345.09,2024-04-18,2024-04-22
Malware,Critical,Network,Roman,SIEM,53,67.05,22,97.04,213704.37,2022-12-11,2022-12-12
DDoS,Low,Cloud,Roman,SIEM,149,56.73,43,67.12,79703.29,2026-02-23,2026-02-27
Unauthorized Access,Critical,Network,Ryo,Firewall,67,15.2,83,78.08,277624.79,2024-03-30,2024-04-04
DDoS,Medium,Network,Jerean,Email,59,10.29,81,77.84,249649.49,2021-10-12,2021-10-17
Unauthorized Access,Medium,Workstation,Ryo,Endpoint,155,48.98,88,53.97,235309.56,2021-03-04,2021-03-05
Unauthorized Access,Medium,Cloud,Kris,Endpoint,38,40.75,36,79.95,193561.57,2023-09-30,2023-10-02
DDoS,Critical,Network,Roman,Email,109,57.07,96,59.98,575180.93,2022-10-24,2022-10-26
Phishing,High,Network,Roman,Email,109,53.46,52,32.14,328775.37,2025-02-01,2025-02-05
Ransomware,High,Cloud,Roman,Network,73,45.39,36,56.55,820524.67,2023-08-25,2023-08-29
Malware,Low,Cloud,Jerean,Firewall,19,71.03,28,53.82,184763.47,2023-04-29,2023-05-03
Ransomware,Low,Server,Jerean,Email,179,38.88,78,82.52,465162.44,2024-01-13,2024-01-15
Malware,Medium,Workstation,Ej,Email,7,9.03,58,98.19,14644.18,2022-11-20,2022-11-23
Malware,Low,Cloud,Ryo,Network,215,59.81,36,41.69,482200.64,2021-05-28,2021-06-02
Unauthorized Access,Critical,Cloud,Ryo,Network,160,18.88,70,76.58,56782.38,2021-12-08,2021-12-11
Malware,Critical,Database,Kris,SIEM,7,56.19,9,10.88,977745.79,2023-12-23,2023-12-26
Malware,Low,Cloud,Roman,Endpoint,106,68.95,21,77.91,790801.54,2025-09-21,2025-09-23
DDoS,Low,Workstation,Jerean,Firewall,8,50.47,64,37.77,490621.37,2024-10-15,2024-10-18
Ransomware,Low,Network,Kris,SIEM,92,43.32,76,4.9,87500.77,2021-11-23,2021-11-24
DDoS,Low,Network,Kris,Email,163,33.69,61,36.96,592853.0,2025-11-28,2025-12-02
Malware,Medium,Network,Jerean,Network,49,26.87,94,61.45,759004.99,2025-10-26,2025-10-27
Unauthorized Access,Medium,Network,Ryo,Endpoint,191,26.06,95,12.81,191526.54,2023-09-17,2023-09-22
DDoS,Low,Database,Roman,SIEM,49,46.18,40,92.48,568640.13,2023-08-10,2023-08-14
DDoS,Critical,Cloud,Ryo,Endpoint,79,54.34,56,8.69,814396.69,2022-12-24,2022-12-27
Phishing,Medium,Network,Kris,Network,169,49.17,4,93.07,768479.53,2026-09-11,2026-09-16
Malware,Critical,Server,Roman,SIEM,197,15.09,31,71.01,803189.03,2022-03-05,2022-03-09
Unauthorized Access,High,Network,Ej,SIEM,13,36.07,27,33.64,879444.1,2025-02-09,2025-02-12
DDoS,Critical,Cloud,Kris,Endpoint,149,57.21,58,39.68,937744.42,2021-10-13,2021-10-14
DDoS,Low,Network,Ryo,Network,122,34.77,25,74.34,406115.63,2026-08-28,2026-09-01
Unauthorized Access,High,Database,Ryo,Email,69,39.1,69,60.55,569200.33,2023-02-08,2023-02-11
Malware,Medium,Workstation,Ryo,SIEM,135,55.75,70,67.49,790868.87,2024-10-26,2024-10-27
Phishing,Medium,Workstation,Jerean,Email,30,47.95,5,39.53,697442.67,2021-07-13,2021-07-18
DDoS,High,Cloud,Kris,Network,185,30.06,91,49.29,995524.71,2023-09-15,2023-09-20
Phishing,Critical,Workstation,Roman,SIEM,163,64.57,8,99.0,14663.97,2024-02-11,2024-02-16
Ransomware,Medium,Workstation,Ryo,SIEM,30,12.54,9,22.18,355778.08,2026-12-02,2026-12-07
Malware,Low,Server,Ryo,Email,27,71.68,15,42.37,281746.9,2025-08-29,2025-08-31
Ransomware,High,Cloud,Jerean,Firewall,34,9.44,100,29.89,263053.53,2023-08-05,2023-08-09
Ransomware,Low,Cloud,Roman,Email,14,2.06,7,76.75,223307.25,2023-04-11,2023-04-15
Ransomware,High,Workstation,Kris,Email,76,64.19,96,76.64,709414.72,2026-04-05,2026-04-07
Malware,Medium,Workstation,Ej,Firewall,240,18.39,72,29.95,85674.71,2021-02-24,2021-02-27
Malware,Critical,Workstation,Jerean,Network,221,52.81,15,9.06,741867.23,2023-03-11,2023-03-14
Unauthorized Access,High,Database,Kris,Network,68,58.58,37,2.13,693732.42,2023-02-17,2023-02-22
Phishing,High,Network,Ej,SIEM,154,61.99,83,43.32,251553.33,2025-01-21,2025-01-22
Phishing,Low,Database,Ryo,Endpoint,147,71.4,39,41.62,253580.95,2026-03-17,2026-03-20
Unauthorized Access,Medium,Cloud,Ryo,Endpoint,127,21.88,6,98.85,629231.72,2026-11-05,2026-11-06
Unauthorized Access,Low,Server,Roman,SIEM,109,51.43,83,47.51,762408.93,2021-02-24,2021-02-28
Ransomware,Medium,Network,Ej,Endpoint,188,9.19,57,26.39,876609.13,2025-12-29,2025-12-30
Unauthorized Access,Low,Server,Ryo,Email,78,29.88,92,89.23,852287.42,2024-04-16,2024-04-20
DDoS,High,Cloud,Ryo,Email,152,61.21,81,49.62,964918.11,2023-04-13,2023-04-15
Phishing,Low,Cloud,Roman,Firewall,109,27.1,19,60.32,581803.51,2021-11-09,2021-11-11
Unauthorized Access,Critical,Server,Kris,Firewall,51,42.97,63,10.47,908746.91,2026-02-02,2026-02-07
DDoS,Medium,Server,Ryo,SIEM,91,36.77,31,38.91,808704.76,2026-07-01,2026-07-04
DDoS,Medium,Server,Jerean,SIEM,57,46.86,75,94.48,894772.96,2026-06-30,2026-07-05
DDoS,High,Cloud,Jerean,SIEM,185,70.08,79,59.36,12614.97,2025-11-26,2025-11-30
DDoS,Medium,Workstation,Kris,Email,133,4.96,10,35.11,965937.09,2021-11-24,2021-11-29
Ransomware,Critical,Server,Ej,Endpoint,6,41.75,87,62.94,474056.63,2024-07-11,2024-07-12
DDoS,Low,Network,Roman,SIEM,62,62.28,67,91.13,798384.81,2026-11-14,2026-11-18
Ransomware,High,Cloud,Jerean,SIEM,151,35.18,62,28.13,128076.92,2024-01-17,2024-01-19
Ransomware,Critical,Database,Jerean,Email,194,6.58,3,51.01,396545.15,2024-08-04,2024-08-07
DDoS,Medium,Database,Kris,Email,210,40.8,18,95.91,272189.2,2022-03-28,2022-04-01
Phishing,Medium,Network,Ej,Email,76,24.58,25,18.07,292367.11,2025-03-04,2025-03-08
DDoS,Critical,Workstation,Ej,Endpoint,234,12.0,20,72.25,124132.36,2021-06-14,2021-06-15
DDoS,Low,Server,Kris,SIEM,144,61.28,58,61.83,805958.07,2021-07-01,2021-07-04
DDoS,Low,Cloud,Jerean,Network,158,38.03,93,68.29,10233.07,2023-06-29,2023-07-01
Phishing,High,Server,Roman,Network,31,67.26,86,35.77,313192.95,2023-04-03,2023-04-07
Malware,Medium,Cloud,Jerean,SIEM,33,58.23,50,32.07,175236.13,2023-08-02,2023-08-06
Malware,Critical,Database,Ej,SIEM,19,50.2,79,68.74,589449.9,2026-06-25,2026-06-26
Ransomware,Low,Server,Jerean,SIEM,178,1.36,10,22.34,254998.15,2026-08-17,2026-08-22
Ransomware,High,Network,Roman,SIEM,133,31.38,21,42.55,259739.46,2021-11-26,2021-11-28
Phishing,Medium,Workstation,Ryo,Endpoint,64,15.02,29,19.63,488849.81,2023-02-14,2023-02-17
Unauthorized Access,Medium,Network,Jerean,Network,111,65.67,96,1.82,653036.35,2021-05-27,2021-05-31
Malware,High,Workstation,Kris,Firewall,224,13.4,10,97.04,122183.4,2023-07-04,2023-07-08
Ransomware,High,Server,Ryo,Network,189,21.31,13,43.74,176335.94,2025-04-21,2025-04-23
Malware,Low,Server,Kris,Network,7,37.7,47,96.97,247927.57,2024-08-01,2024-08-06
Phishing,Critical,Workstation,Kris,Email,119,19.7,23,14.89,973774.47,2021-03-23,2021-03-27
Phishing,Medium,Database,Kris,SIEM,150,15.9,50,59.15,397755.35,2022-05-29,2022-05-31
Unauthorized Access,Critical,Cloud,Jerean,SIEM,56,43.54,87,20.9,599391.1,2026-04-05,2026-04-06
Unauthorized Access,Medium,Network,Ej,SIEM,64,7.31,95,79.22,242301.27,2026-04-24,2026-04-29
Phishing,Medium,Network,Ryo,Email,38,5.13,4,78.59,490969.07,2023-01-16,2023-01-19
Ransomware,Critical,Network,Roman,Endpoint,100,27.43,67,12.15,75045.06,2024-11-10,2024-11-14
Malware,High,Server,Ej,Endpoint,225,52.17,85,91.29,35707.4,2022-12-08,2022-12-10
DDoS,Low,Network,Jerean,Firewall,93,40.39,53,20.27,469264.79,2022-04-16,2022-04-17
Unauthorized Access,Medium,Cloud,Kris,Endpoint,64,31.02,2,61.68,399260.63,2022-01-31,2022-02-03
DDoS,High,Cloud,Roman,Endpoint,158,41.17,68,98.58,137743.44,2025-04-05,2025-04-07
Ransomware,Medium,Workstation,Ryo,SIEM,235,26.95,65,88.36,687913.83,2023-03-16,2023-03-18
Unauthorized Access,Low,Server,Ej,Network,204,67.47,79,95.7,992910.59,2023-07-23,2023-07-26
DDoS,Medium,Cloud,Ej,Endpoint,23,4.9,57,34.92,396251.17,2024-07-03,2024-07-04
Ransomware,Low,Database,Roman,Endpoint,115,48.81,97,11.45,624934.08,2025-10-24,2025-10-25
Malware,Low,Server,Jerean,Email,238,64.28,70,19.65,963012.97,2023-06-24,2023-06-29
Ransomware,Medium,Server,Ryo,Firewall,26,58.08,7,50.55,831703.44,2023-12-13,2023-12-17
Unauthorized Access,Medium,Cloud,Roman,Email,225,14.07,19,79.53,464088.67,2026-03-06,2026-03-09
Phishing,Low,Database,Kris,SIEM,165,22.01,44,15.87,737751.99,2025-03-04,2025-03-07
Malware,High,Workstation,Ryo,Network,170,51.91,63,66.31,129006.91,2024-10-19,2024-10-22
DDoS,Critical,Cloud,Ej,Firewall,132,6.98,65,33.03,512591.75,2024-07-27,2024-07-28
Unauthorized Access,Low,Database,Roman,Email,39,58.64,39,34.78,279781.22,2022-08-16,2022-08-20
Phishing,Medium,Server,Ej,Endpoint,111,52.04,83,66.53,162002.52,2026-10-08,2026-10-13
Ransomware,Medium,Database,Ej,Endpoint,132,52.8,26,47.23,426854.63,2021-05-08,2021-05-10
Phishing,High,Server,Ej,Firewall,199,8.12,44,81.39,131883.54,2023-01-06,2023-01-08
Unauthorized Access,Critical,Cloud,Jerean,Endpoint,87,51.96,12,16.44,699286.12,2022-06-05,2022-06-08
Unauthorized Access,Low,Cloud,Ej,Email,142,49.27,22,79.2,456783.8,2021-08-25,2021-08-29
Phishing,Low,Network,Kris,Email,223,60.0,77,7.36,531613.49,2024-07-28,2024-07-29
Ransomware,Critical,Network,Kris,Endpoint,147,3.95,92,20.21,147229.56,2025-11-17,2025-11-21
Phishing,Low,Network,Ryo,Endpoint,143,2.64,14,65.96,140631.89,2024-07-25,2024-07-29
Unauthorized Access,Critical,Cloud,Ej,SIEM,115,27.48,86,85.64,583832.02,2026-08-14,2026-08-15
Unauthorized Access,Medium,Workstation,Ej,Network,94,11.56,30,26.02,985024.74,2022-03-18,2022-03-21
DDoS,Critical,Cloud,Roman,Firewall,28,40.65,44,33.39,97154.33,2026-09-08,2026-09-12
DDoS,Low,Database,Jerean,Email,81,66.13,84,54.17,286445.7,2023-03-16,2023-03-18
Malware,Critical,Cloud,Ryo,Firewall,228,28.8,91,21.95,869589.66,2021-03-16,2021-03-17
Unauthorized Access,High,Cloud,Ej,SIEM,105,60.99,38,81.3,73199.74,2026-12-16,2026-12-21
DDoS,Medium,Server,Roman,Email,136,1.02,59,77.59,876009.84,2026-09-21,2026-09-24
Phishing,Medium,Server,Jerean,SIEM,17,12.96,42,15.38,524761.7,2024-10-11,2024-10-12
Ransomware,Critical,Server,Ryo,SIEM,205,3.16,52,46.92,408858.51,2021-02-10,2021-02-15
Phishing,Low,Cloud,Ryo,Endpoint,189,24.3,63,77.71,310370.88,2026-09-13,2026-09-18
Ransomware,High,Workstation,Ej,Firewall,102,65.48,61,34.4,297820.04,2025-08-28,2025-09-01
DDoS,Medium,Database,Ryo,Firewall,124,7.88,34,63.68,306496.78,2024-11-02,2024-11-06
Malware,Medium,Database,Roman,Endpoint,41,44.06,39,5.97,884918.28,2022-08-11,2022-08-15
Phishing,Low,Workstation,Ryo,Firewall,52,33.06,41,61.26,724071.43,2025-06-11,2025-06-12
Phishing,Low,Workstation,Kris,Endpoint,203,67.63,37,16.11,670053.28,2021-12-08,2021-12-09
Phishing,High,Database,Roman,Email,5,9.7,65,83.23,798950.4,2026-09-06,2026-09-09
Ransomware,Critical,Network,Jerean,SIEM,64,16.05,79,36.19,257857.55,2022-10-08,2022-10-12
DDoS,Low,Server,Jerean,SIEM,144,3.1,32,28.87,618424.77,2023-01-01,2023-01-06
Phishing,Critical,Server,Ej,Firewall,153,31.81,8,84.25,460606.17,2021-06-17,2021-06-19
Phishing,High,Database,Ej,Network,143,20.73,97,5.96,782659.19,2022-09-02,2022-09-05
Malware,Critical,Workstation,Kris,SIEM,48,62.76,18,40.26,309946.85,2025-11-08,2025-11-09
Malware,Medium,Network,Jerean,Endpoint,119,43.95,45,37.63,643535.44,2026-08-03,2026-08-06
DDoS,Critical,Database,Jerean,Network,190,44.6,93,29.2,882330.2,2022-03-31,2022-04-03
DDoS,High,Server,Jerean,Network,112,38.77,96,91.26,402748.33,2025-09-05,2025-09-08
Unauthorized Access,High,Cloud,Jerean,SIEM,48,7.52,33,75.34,67555.47,2022-12-03,2022-12-06
Malware,High,Workstation,Ryo,SIEM,82,32.6,5,7.33,516534.77,2025-05-19,2025-05-21
Unauthorized Access,Critical,Cloud,Roman,SIEM,230,71.96,82,71.75,346626.52,2021-05-10,2021-05-14
Ransomware,Medium,Database,Roman,Endpoint,166,60.3,74,53.2,672553.16,2026-01-20,2026-01-25
Unauthorized Access,Low,Server,Kris,Network,29,64.44,36,90.19,951081.89,2024-10-18,2024-10-21
Phishing,Medium,Network,Ryo,Firewall,136,59.45,97,31.98,486122.71,2022-11-24,2022-11-27
Unauthorized Access,Critical,Cloud,Jerean,Endpoint,196,8.32,23,57.84,466724.04,2024-10-26,2024-10-29
DDoS,Critical,Network,Jerean,Email,120,17.15,40,50.57,654930.22,2023-03-05,2023-03-09
Ransomware,Low,Server,Ej,SIEM,123,1.22,5,49.47,104394.01,2021-01-29,2021-01-30
Phishing,Critical,Cloud,Ej,Network,222,22.55,34,46.15,254252.68,2021-05-29,2021-05-30
Unauthorized Access,High,Network,Kris,Endpoint,148,8.71,24,21.36,919060.35,2024-08-12,2024-08-14
Ransomware,High,Network,Jerean,Email,14,34.57,17,75.82,670272.67,2026-08-21,2026-08-22
Ransomware,High,Cloud,Kris,Endpoint,113,49.08,95,45.68,14430.6,2024-02-11,2024-02-14
Phishing,High,Server,Ryo,Endpoint,198,63.09,71,95.89,205420.85,2021-07-06,2021-07-09
Unauthorized Access,High,Network,Roman,Firewall,39,54.19,81,26.82,683154.43,2024-06-04,2024-06-07
Ransomware,Critical,Database,Jerean,Firewall,215,67.64,92,68.59,764634.8,2024-08-26,2024-08-28
Ransomware,Low,Cloud,Ryo,Endpoint,138,4.83,22,94.13,840019.71,2021-04-08,2021-04-11
Malware,Low,Workstation,Jerean,Email,23,1.86,15,66.68,292884.63,2021-02-24,2021-02-25
Ransomware,High,Workstation,Ej,Network,191,47.96,15,87.26,931097.57,2023-01-28,2023-02-01
Malware,Critical,Server,Kris,Network,185,21.54,25,82.92,553393.95,2022-02-10,2022-02-14
Unauthorized Access,Medium,Database,Ej,SIEM,12,19.0,53,36.65,696842.48,2026-10-18,2026-10-23
Unauthorized Access,Medium,Network,Roman,SIEM,210,24.49,21,60.41,597142.12,2024-08-05,2024-08-06
Unauthorized Access,Critical,Workstation,Ej,Network,14,20.16,66,16.47,123617.31,2025-11-21,2025-11-24
DDoS,High,Server,Jerean,Endpoint,199,37.31,91,54.02,963151.54,2023-01-21,2023-01-25
Unauthorized Access,Low,Database,Ej,Endpoint,170,32.25,32,23.81,123752.7,2025-10-29,2025-10-30
Ransomware,Critical,Database,Jerean,Firewall,33,37.38,21,74.63,255627.07,2021-12-31,2022-01-04
Phishing,Medium,Server,Roman,Firewall,19,48.76,68,53.28,813814.25,2026-07-20,2026-07-23
Malware,Medium,Server,Ej,SIEM,91,28.49,44,41.71,618978.36,2022-04-27,2022-05-01
DDoS,Medium,Network,Kris,Network,27,18.84,83,27.61,838311.02,2021-06-03,2021-06-08
Unauthorized Access,High,Server,Kris,Endpoint,214,12.8,66,99.87,516220.45,2025-03-05,2025-03-10
Unauthorized Access,Medium,Network,Kris,Network,50,25.81,90,8.1,377616.24,2026-10-22,2026-10-26
Phishing,Critical,Network,Ej,Email,215,53.67,98,5.31,921923.65,2023-11-07,2023-11-08
Phishing,Critical,Cloud,Ej,Network,32,54.73,14,22.51,37216.07,2025-07-23,2025-07-24
DDoS,Medium,Database,Ej,Email,30,48.35,15,97.14,856274.09,2024-05-25,2024-05-26
Malware,Critical,Database,Jerean,Firewall,14,17.62,20,97.94,231586.97,2021-03-02,2021-03-06
Unauthorized Access,Medium,Database,Roman,Firewall,179,42.75,34,65.84,848887.59,2023-07-28,2023-07-29
DDoS,Medium,Cloud,Kris,SIEM,8,41.52,36,88.13,140057.42,2025-06-28,2025-07-01
Ransomware,Low,Network,Jerean,Network,59,35.38,83,22.18,580638.74,2026-09-21,2026-09-26
Ransomware,High,Network,Kris,Network,70,40.05,9,97.23,888219.81,2021-01-25,2021-01-28
DDoS,High,Server,Jerean,Email,71,35.92,71,15.14,474066.11,2023-11-29,2023-11-30
Unauthorized Access,Low,Cloud,Ej,Firewall,139,41.15,30,11.01,746820.11,2021-05-11,2021-05-14
DDoS,Low,Server,Kris,Email,59,51.8,77,12.11,804866.95,2024-06-06,2024-06-07
Unauthorized Access,High,Cloud,Ej,Firewall,212,8.78,91,57.74,736757.71,2021-04-18,2021-04-22
Phishing,Medium,Server,Kris,Email,35,54.22,63,78.32,925404.41,2021-06-21,2021-06-24
DDoS,Medium,Workstation,Ryo,Firewall,78,10.65,35,37.3,447387.4,2024-12-29,2025-01-02
Unauthorized Access,High,Database,Jerean,Email,23,5.73,13,97.81,173952.31,2021-04-12,2021-04-16
DDoS,Medium,Database,Ryo,Firewall,160,70.3,79,44.01,48763.25,2025-06-25,2025-06-27
DDoS,Low,Network,Jerean,Email,85,68.95,46,15.89,247213.41,2023-11-07,2023-11-08
Unauthorized Access,Medium,Workstation,Roman,Network,160,5.29,56,47.13,144054.31,2021-11-26,2021-12-01
Unauthorized Access,Medium,Database,Kris,SIEM,151,32.47,9,68.22,558390.79,2025-03-01,2025-03-02
Malware,Critical,Network,Roman,Email,233,14.22,87,83.39,185760.39,2021-01-12,2021-01-17
DDoS,Critical,Workstation,Roman,SIEM,91,35.46,36,46.42,39894.77,2024-09-03,2024-09-04
Ransomware,Critical,Database,Jerean,Network,24,59.94,3,59.77,36953.84,2021-08-04,2021-08-08
DDoS,Medium,Server,Ryo,Network,17,68.49,98,27.47,831737.93,2021-12-05,2021-12-08
DDoS,High,Cloud,Ej,Firewall,81,46.03,19,64.95,591858.48,2025-12-05,2025-12-08
Unauthorized Access,Low,Workstation,Jerean,SIEM,47,26.13,28,98.61,358727.22,2025-10-17,2025-10-19
DDoS,Medium,Network,Ej,Endpoint,143,43.84,23,5.86,894333.81,2025-02-17,2025-02-22
DDoS,High,Workstation,Roman,Firewall,180,23.15,7,88.77,71126.41,2022-12-11,2022-12-16
Ransomware,Medium,Network,Ej,SIEM,147,65.6,76,56.67,980341.75,2024-05-08,2024-05-13
Unauthorized Access,Low,Workstation,Ryo,Email,149,62.8,14,25.96,616675.5,2024-01-18,2024-01-22
DDoS,Medium,Network,Jerean,Email,186,40.63,46,95.53,184280.79,2024-07-15,2024-07-20
Phishing,Low,Database,Ryo,Network,54,24.06,15,48.85,679390.03,2022-05-04,2022-05-07
Malware,Medium,Server,Ryo,Endpoint,32,21.83,67,33.84,763617.88,2025-04-11,2025-04-15
Ransomware,Low,Database,Jerean,Email,215,3.37,15,18.97,429913.44,2021-02-16,2021-02-17
DDoS,Medium,Server,Ryo,SIEM,8,58.92,51,25.2,861770.97,2023-02-17,2023-02-22
Phishing,Low,Database,Kris,SIEM,26,32.98,88,83.45,151581.67,2023-11-06,2023-11-11
DDoS,Critical,Database,Kris,Email,218,24.08,8,61.83,279558.75,2022-12-12,2022-12-13
DDoS,Medium,Workstation,Kris,SIEM,123,34.45,69,91.41,94398.87,2022-02-05,2022-02-10
Unauthorized Access,Medium,Cloud,Ej,SIEM,105,59.13,62,23.96,211666.96,2025-12-23,2025-12-24
Unauthorized Access,High,Network,Ryo,Network,43,9.85,51,12.99,239490.08,2021-09-07,2021-09-11
Unauthorized Access,High,Network,Jerean,Endpoint,38,61.89,63,1.6,917715.56,2022-01-26,2022-01-29
Phishing,Low,Network,Jerean,Network,101,64.72,68,51.28,79031.58,2021-12-01,2021-12-02
DDoS,Medium,Server,Ej,Endpoint,48,68.22,78,99.83,427987.71,2022-09-21,2022-09-23
Malware,Low,Network,Jerean,SIEM,174,29.22,16,69.8,532866.29,2021-05-17,2021-05-18
Ransomware,Critical,Network,Kris,Endpoint,44,16.42,84,31.53,898794.36,2025-03-02,2025-03-07
Unauthorized Access,High,Workstation,Ryo,SIEM,101,27.53,24,87.81,997698.52,2023-04-07,2023-04-11
Unauthorized Access,Low,Database,Jerean,SIEM,144,24.64,6,78.39,753634.73,2022-12-28,2023-01-01
DDoS,Low,Network,Jerean,Network,134,13.51,57,2.53,970820.2,2025-02-09,2025-02-10
DDoS,High,Cloud,Roman,Network,160,44.12,31,81.87,787314.03,2023-09-17,2023-09-20
Phishing,Medium,Network,Roman,Firewall,78,34.84,6,30.75,963239.44,2023-07-24,2023-07-26
Phishing,Low,Server,Roman,Email,90,62.46,99,15.82,707563.46,2022-02-06,2022-02-10
Unauthorized Access,High,Server,Ryo,Firewall,213,3.28,79,23.41,80683.66,2025-01-06,2025-01-11
DDoS,Medium,Server,Kris,Firewall,94,46.71,29,47.39,402518.27,2022-09-07,2022-09-12
Malware,Critical,Network,Kris,Endpoint,71,55.17,67,43.06,646950.69,2024-07-20,2024-07-23
Ransomware,High,Workstation,Kris,SIEM,203,54.92,75,29.6,351367.79,2024-03-28,2024-04-01
DDoS,Low,Cloud,Ryo,SIEM,240,63.91,3,18.05,274110.53,2024-01-27,2024-01-28
DDoS,Critical,Network,Ryo,SIEM,204,52.76,28,76.46,577821.87,2021-05-11,2021-05-16
Phishing,Medium,Workstation,Roman,Email,216,66.87,74,99.02,933568.37,2024-04-09,2024-04-12
Ransomware,Medium,Workstation,Jerean,Endpoint,80,24.62,97,78.0,35946.89,2021-07-02,2021-07-06
Unauthorized Access,High,Network,Ej,Endpoint,231,36.73,48,30.3,769461.97,2021-12-30,2022-01-03
DDoS,High,Network,Ej,SIEM,213,2.0,80,25.24,723004.55,2021-02-08,2021-02-12
Unauthorized Access,High,Workstation,Jerean,Firewall,96,1.49,10,22.55,963989.47,2024-10-04,2024-10-08
DDoS,Medium,Workstation,Roman,Email,237,18.05,33,14.53,930780.51,2023-07-10,2023-07-14
Unauthorized Access,Critical,Workstation,Jerean,Firewall,14,8.16,100,55.58,762470.33,2021-01-16,2021-01-21
Ransomware,Medium,Network,Jerean,Network,90,19.48,67,60.93,520888.36,2022-05-08,2022-05-11
Phishing,Low,Workstation,Ej,Endpoint,106,13.57,69,70.84,205063.29,2024-12-20,2024-12-24
Ransomware,Medium,Server,Roman,Endpoint,189,3.02,12,68.34,545690.48,2024-02-06,2024-02-08
Malware,Low,Network,Ryo,Firewall,229,65.56,57,29.94,765586.64,2021-11-07,2021-11-09
Phishing,Critical,Server,Ej,Email,218,1.58,44,33.7,895773.54,2023-01-09,2023-01-12
Ransomware,High,Database,Ryo,Endpoint,112,53.26,13,68.47,789922.3,2022-06-30,2022-07-01
Malware,High,Network,Roman,Firewall,169,11.8,24,35.6,196071.67,2021-09-08,2021-09-09
DDoS,Medium,Database,Jerean,Email,209,65.77,44,22.05,600086.63,2023-01-29,2023-01-30
DDoS,High,Workstation,Kris,Firewall,95,64.39,57,38.06,332841.29,2025-12-10,2025-12-12
Unauthorized Access,Critical,Workstation,Kris,Email,196,47.43,96,27.94,10196.46,2024-07-21,2024-07-22
Phishing,High,Cloud,Roman,SIEM,83,48.73,16,9.74,201020.71,2025-06-20,2025-06-25
DDoS,Medium,Workstation,Kris,Email,90,1.38,96,83.18,114107.43,2026-03-30,2026-04-03
Phishing,Critical,Database,Ryo,Network,226,70.93,100,85.46,842876.4,2023-03-25,2023-03-27
DDoS,Low,Workstation,Kris,SIEM,111,63.33,21,22.76,259247.75,2021-01-29,2021-02-01
Unauthorized Access,Medium,Network,Roman,Firewall,172,64.55,76,7.41,285413.27,2023-08-16,2023-08-19
Ransomware,Low,Workstation,Roman,SIEM,105,47.81,51,74.14,959976.64,2026-07-26,2026-07-30
Unauthorized Access,Critical,Cloud,Ryo,SIEM,230,25.48,21,21.94,379707.64,2022-04-22,2022-04-24
Malware,Medium,Workstation,Kris,Firewall,112,64.45,60,39.95,10576.05,2021-11-14,2021-11-15
DDoS,Medium,Database,Kris,Firewall,64,21.7,51,7.35,284562.3,2021-09-02,2021-09-03
Malware,Critical,Database,Jerean,Network,230,40.95,21,23.4,120180.28,2023-01-18,2023-01-23
Malware,High,Workstation,Ej,Firewall,52,8.08,6,79.5,103705.75,2022-11-28,2022-12-03
Phishing,Medium,Database,Roman,Endpoint,121,66.46,73,80.64,78409.8,2021-09-29,2021-09-30
DDoS,Medium,Database,Jerean,Endpoint,231,10.99,65,21.5,593666.21,2025-11-07,2025-11-10
Malware,Low,Cloud,Roman,Network,110,16.97,76,34.26,190158.38,2024-06-16,2024-06-19
Ransomware,High,Network,Jerean,Email,151,40.63,58,14.29,361881.55,2021-09-23,2021-09-28
Malware,Low,Cloud,Ej,Email,204,55.25,78,8.34,862155.7,2023-07-10,2023-07-14
Ransomware,Low,Server,Jerean,Endpoint,235,44.97,6,99.22,424913.8,2021-12-06,2021-12-07
Phishing,High,Cloud,Roman,Firewall,37,17.48,65,65.9,915775.66,2022-01-24,2022-01-29
Malware,High,Workstation,Kris,Network,48,1.07,86,54.67,498440.12,2026-08-13,2026-08-18
Unauthorized Access,Critical,Network,Roman,Email,224,54.76,34,76.78,399437.78,2024-03-11,2024-03-12
Phishing,High,Workstation,Ryo,Email,169,70.95,56,84.17,750638.54,2022-01-11,2022-01-12
Ransomware,Medium,Server,Ryo,SIEM,116,58.5,75,80.86,74101.92,2026-07-27,2026-07-30
Phishing,High,Network,Ryo,Endpoint,93,33.67,3,2.64,90388.9,2021-05-26,2021-05-30
Malware,Critical,Database,Ryo,Firewall,40,65.17,42,19.49,652321.74,2026-06-05,2026-06-09
DDoS,Critical,Cloud,Ej,Network,85,30.1,62,65.84,487453.77,2021-10-20,2021-10-21
DDoS,Critical,Workstation,Kris,Email,92,38.27,6,38.2,790624.84,2022-03-08,2022-03-10
Ransomware,High,Server,Kris,SIEM,153,34.88,6,98.27,916354.57,2022-12-06,2022-12-11
Ransomware,High,Database,Roman,Endpoint,134,32.78,63,66.88,388978.51,2026-06-22,2026-06-27
DDoS,Low,Cloud,Jerean,Endpoint,35,56.04,20,95.7,596813.62,2022-02-03,2022-02-04
Ransomware,Low,Database,Roman,Network,112,38.4,21,20.94,501195.93,2023-08-22,2023-08-24
Phishing,Medium,Cloud,Roman,Email,229,23.49,2,86.53,981629.04,2026-08-04,2026-08-07
Unauthorized Access,Low,Network,Roman,Network,34,19.33,90,32.81,831253.32,2026-01-03,2026-01-04
Unauthorized Access,Medium,Database,Roman,Network,208,3.68,95,98.97,911825.97,2026-10-10,2026-10-11
Phishing,Critical,Database,Kris,SIEM,176,42.41,90,16.61,255085.75,2023-07-28,2023-08-02
Unauthorized Access,Low,Database,Jerean,Endpoint,16,17.33,56,52.12,772753.9,2022-12-11,2022-12-12
Malware,High,Network,Roman,Firewall,55,11.52,96,79.49,266207.75,2023-03-18,2023-03-19
Phishing,Low,Server,Kris,Endpoint,125,47.42,10,43.83,209533.79,2025-01-03,2025-01-04
Ransomware,Medium,Cloud,Roman,Endpoint,181,49.37,87,47.34,944321.89,2024-08-18,2024-08-23
Phishing,Low,Database,Ryo,SIEM,156,54.4,70,98.65,20285.11,2021-01-11,2021-01-14
DDoS,Critical,Network,Roman,Firewall,156,36.75,23,43.11,965423.31,2023-12-22,2023-12-25
Ransomware,High,Server,Roman,Email,192,64.48,92,60.8,150112.64,2026-02-12,2026-02-13
DDoS,Medium,Cloud,Ej,Firewall,143,67.48,30,6.4,819618.64,2023-02-11,2023-02-16
Ransomware,High,Network,Ryo,Email,17,58.32,78,84.38,276646.63,2025-05-14,2025-05-17
Unauthorized Access,High,Cloud,Jerean,Firewall,95,46.13,37,65.17,351351.63,2025-05-27,2025-05-30
Phishing,Medium,Database,Roman,Network,204,22.56,55,41.0,217540.95,2024-08-26,2024-08-29
Malware,High,Server,Jerean,Firewall,78,70.79,96,2.6,585928.53,2023-06-04,2023-06-09
Ransomware,High,Network,Ryo,SIEM,204,20.46,49,59.58,348747.45,2024-10-21,2024-10-26
Ransomware,Low,Server,Roman,Email,196,15.39,34,2.25,657735.65,2021-08-14,2021-08-15
DDoS,High,Database,Ej,Endpoint,24,32.39,44,1.12,16631.67,2023-04-05,2023-04-09
Unauthorized Access,High,Server,Kris,SIEM,76,5.04,22,61.99,65310.51,2023-07-26,2023-07-29
DDoS,High,Server,Ej,Email,77,70.47,31,19.71,100561.49,2026-03-27,2026-03-31
DDoS,High,Workstation,Ej,Email,75,42.78,7,20.0,419574.69,2025-12-02,2025-12-07
Unauthorized Access,Medium,Server,Kris,Endpoint,82,40.54,21,65.67,814981.38,2021-02-23,2021-02-28
Malware,Critical,Cloud,Kris,Network,32,47.56,16,6.32,888289.73,2022-12-28,2023-01-02
DDoS,Low,Network,Kris,SIEM,134,36.29,20,32.03,245565.93,2025-03-25,2025-03-29
DDoS,High,Workstation,Roman,Endpoint,125,3.28,43,15.79,574795.35,2023-11-10,2023-11-15
Ransomware,High,Network,Jerean,Endpoint,47,44.47,44,58.44,768596.63,2026-03-29,2026-03-30
Unauthorized Access,Medium,Network,Jerean,Network,12,51.85,47,66.51,289540.6,2025-11-12,2025-11-17
Phishing,Critical,Database,Kris,SIEM,17,30.59,19,72.39,409598.73,2025-05-16,2025-05-18
Malware,High,Database,Ej,Endpoint,217,54.77,48,26.27,524450.23,2026-03-30,2026-04-03
Malware,Medium,Workstation,Ryo,Network,115,17.12,96,9.84,135739.97,2023-04-30,2023-05-02
Unauthorized Access,Low,Database,Kris,SIEM,224,16.71,79,8.79,26956.31,2026-10-11,2026-10-16
Ransomware,Low,Database,Ej,Firewall,39,12.46,69,43.19,153653.0,2021-01-03,2021-01-04
Ransomware,High,Database,Ej,Email,27,27.41,11,94.64,627226.77,2021-06-09,2021-06-12
Unauthorized Access,High,Network,Roman,Network,50,61.14,79,22.56,74544.64,2023-02-20,2023-02-25
Ransomware,Critical,Workstation,Roman,Email,19,59.78,29,26.42,190506.67,2023-06-12,2023-06-13
Malware,Critical,Network,Jerean,Firewall,134,28.18,45,10.99,338516.03,2026-07-24,2026-07-28
Malware,High,Cloud,Jerean,Endpoint,65,42.83,68,60.95,78792.19,2022-08-03,2022-08-05
Phishing,Medium,Network,Ryo,Endpoint,119,52.18,36,68.31,192507.57,2026-04-18,2026-04-20
Unauthorized Access,Critical,Cloud,Ryo,SIEM,208,18.13,48,64.65,911358.52,2024-10-12,2024-10-14
DDoS,High,Server,Ryo,Network,68,12.94,87,86.25,20279.83,2024-07-14,2024-07-18
DDoS,Critical,Server,Ryo,Network,56,70.02,15,49.16,653778.49,2025-06-29,2025-06-30
Phishing,High,Cloud,Ej,SIEM,168,44.85,44,14.31,385024.52,2023-08-10,2023-08-14
Phishing,Low,Cloud,Ej,Email,199,70.68,67,29.65,672976.09,2023-09-15,2023-09-17
Ransomware,High,Network,Jerean,Endpoint,73,24.98,96,66.58,589103.03,2024-05-03,2024-05-08
Phishing,Low,Cloud,Roman,Endpoint,71,50.92,74,61.7,224275.26,2023-07-10,2023-07-13
Phishing,Critical,Workstation,Roman,Network,179,16.8,40,53.57,847362.28,2024-09-17,2024-09-21
DDoS,High,Server,Kris,Network,87,19.55,86,68.61,492448.44,2021-06-19,2021-06-23
Ransomware,Critical,Server,Ej,SIEM,6,37.35,14,64.1,822713.48,2022-06-05,2022-06-06
Phishing,Low,Cloud,Ryo,Firewall,176,23.69,63,88.25,406606.52,2025-01-26,2025-01-27
Phishing,High,Database,Ryo,Email,233,12.9,81,59.02,984700.87,2021-02-09,2021-02-13
Ransomware,Critical,Database,Kris,Firewall,196,19.66,85,78.08,770718.87,2025-04-10,2025-04-12
Unauthorized Access,Low,Cloud,Roman,Firewall,213,3.54,51,25.62,965984.25,2024-11-19,2024-11-22
Ransomware,Critical,Workstation,Ryo,Network,82,51.01,79,68.14,514812.15,2023-08-13,2023-08-14
DDoS,Medium,Database,Roman,Network,32,35.94,58,90.32,474217.44,2023-09-11,2023-09-13
Unauthorized Access,Low,Cloud,Kris,Network,223,7.69,15,39.19,755698.36,2023-09-02,2023-09-07
Malware,Low,Workstation,Roman,Firewall,58,13.19,65,78.13,880410.97,2021-02-07,2021-02-08
Ransomware,Low,Workstation,Roman,Email,206,8.28,88,72.75,964181.65,2024-06-28,2024-06-30
DDoS,High,Network,Roman,Network,71,44.49,55,6.89,325227.35,2024-04-14,2024-04-16
Unauthorized Access,High,Workstation,Ryo,Endpoint,168,7.69,76,58.57,798905.87,2025-06-14,2025-06-17
Ransomware,High,Database,Jerean,Email,106,54.55,10,13.89,211434.95,2023-07-03,2023-07-06
Phishing,Medium,Database,Ej,Endpoint,124,2.46,42,96.76,546028.77,2022-03-30,2022-04-04
Ransomware,Medium,Cloud,Roman,Email,195,18.71,95,81.33,180668.3,2021-02-06,2021-02-08
Malware,Low,Cloud,Roman,Network,157,64.24,11,11.86,348049.96,2025-09-08,2025-09-10
Ransomware,Medium,Workstation,Roman,SIEM,218,52.02,16,13.05,931427.01,2023-03-07,2023-03-10
Unauthorized Access,Critical,Server,Jerean,Network,52,6.18,73,59.85,146944.61,2023-08-31,2023-09-01
Unauthorized Access,Low,Network,Kris,Firewall,171,59.3,78,35.14,632768.49,2022-08-16,2022-08-17
Ransomware,Low,Server,Ryo,Firewall,51,36.01,19,4.46,593361.32,2024-02-12,2024-02-16
Unauthorized Access,Critical,Workstation,Jerean,Email,226,61.12,31,54.62,121617.61,2024-08-17,2024-08-20
Phishing,Low,Workstation,Roman,Firewall,25,43.65,73,39.4,326653.06,2021-11-14,2021-11-18
Ransomware,Medium,Server,Jerean,Network,162,49.41,100,11.01,563418.52,2026-12-03,2026-12-06
Phishing,High,Network,Jerean,Endpoint,96,71.54,53,80.39,187991.43,2024-09-08,2024-09-13
Phishing,Critical,Server,Jerean,Network,163,17.5,90,91.59,800823.03,2025-05-11,2025-05-13
DDoS,Medium,Cloud,Kris,Email,125,45.3,8,75.9,972184.35,2026-03-05,2026-03-10
Ransomware,Critical,Database,Ej,Firewall,120,33.68,24,82.42,215544.64,2026-09-19,2026-09-22
Unauthorized Access,Critical,Cloud,Ryo,Endpoint,158,3.8,8,22.43,187725.05,2026-06-20,2026-06-22
Phishing,Low,Database,Kris,SIEM,239,2.03,83,27.09,455480.14,2025-11-08,2025-11-09
DDoS,Low,Workstation,Kris,Endpoint,154,9.47,48,21.64,748017.51,2024-08-05,2024-08-06
Ransomware,Medium,Network,Ej,Endpoint,153,47.09,30,76.74,282319.01,2024-07-09,2024-07-13
Ransomware,Critical,Server,Kris,Network,5,41.27,58,94.84,20860.03,2021-08-04,2021-08-07
Malware,Low,Network,Jerean,SIEM,169,40.29,86,71.97,541679.41,2026-11-10,2026-11-13
Malware,Low,Server,Jerean,Email,81,3.26,55,88.27,956643.97,2025-09-01,2025-09-02
Phishing,Critical,Cloud,Roman,Email,89,34.32,73,64.23,391885.58,2021-12-29,2022-01-03
Malware,Medium,Cloud,Kris,Endpoint,50,66.65,62,39.38,420714.42,2025-09-13,2025-09-15
Phishing,Medium,Server,Roman,Endpoint,141,29.23,48,43.15,968932.82,2024-04-08,2024-04-13
Unauthorized Access,Critical,Network,Ryo,Firewall,149,45.37,4,8.46,694913.0,2021-12-22,2021-12-27
Phishing,Medium,Server,Jerean,SIEM,51,56.37,37,4.11,719452.75,2021-07-10,2021-07-11
Malware,Low,Workstation,Ryo,Endpoint,217,56.66,8,69.85,563139.3,2022-12-01,2022-12-02
Unauthorized Access,Critical,Cloud,Ej,Firewall,227,37.87,1,44.4,974634.6,2026-08-17,2026-08-18
Malware,Low,Workstation,Jerean,SIEM,235,61.91,92,55.67,689177.62,2026-12-21,2026-12-25
Phishing,High,Cloud,Ryo,Email,63,28.79,70,56.21,895137.72,2022-07-11,2022-07-16
DDoS,High,Cloud,Ej,Firewall,58,64.1,47,28.46,699679.49,2023-04-06,2023-04-09
Ransomware,Medium,Database,Ryo,SIEM,90,18.06,100,48.11,735380.71,2023-11-21,2023-11-23
Malware,High,Workstation,Ej,Firewall,16,20.9,75,47.61,291120.51,2022-03-02,2022-03-06
Phishing,Low,Workstation,Ej,Endpoint,196,4.77,5,39.45,304175.22,2025-04-24,2025-04-27
Unauthorized Access,High,Database,Jerean,Network,10,57.49,50,82.25,783201.66,2026-10-31,2026-11-05
Malware,Low,Network,Roman,Email,57,30.61,24,45.67,297409.58,2022-08-12,2022-08-13
Malware,Medium,Workstation,Ej,Endpoint,148,17.27,47,60.76,563207.3,2026-07-06,2026-07-11
Ransomware,Medium,Server,Ej,Endpoint,94,17.46,18,89.66,250102.96,2025-03-28,2025-03-30
Phishing,Low,Database,Jerean,SIEM,9,65.0,84,86.76,817166.4,2021-10-22,2021-10-26
DDoS,High,Workstation,Roman,Firewall,77,60.21,28,89.15,111390.85,2026-06-09,2026-06-13
Unauthorized Access,Medium,Network,Kris,Email,178,40.3,77,27.73,829617.19,2024-06-01,2024-06-03
Phishing,Critical,Workstation,Kris,Endpoint,236,44.74,5,4.46,603127.07,2025-03-29,2025-04-01
Unauthorized Access,Medium,Cloud,Roman,SIEM,18,34.68,30,26.85,187722.63,2025-08-18,2025-08-21
Malware,High,Server,Ryo,Email,176,28.81,1,28.59,542493.35,2024-02-11,2024-02-15
Ransomware,Critical,Database,Jerean,Firewall,195,66.0,86,91.03,283216.34,2024-06-10,2024-06-14
Ransomware,High,Cloud,Roman,Endpoint,110,9.92,82,65.28,324143.87,2026-08-27,2026-08-28
DDoS,Low,Network,Kris,Endpoint,226,30.71,46,9.09,352176.51,2021-12-26,2021-12-29
Ransomware,Critical,Cloud,Ej,Endpoint,56,25.46,69,14.4,64255.93,2022-12-01,2022-12-03
Malware,High,Cloud,Kris,Email,120,36.37,31,16.41,985975.72,2022-03-24,2022-03-27
DDoS,Critical,Network,Ej,Email,30,33.49,70,63.41,32503.09,2022-11-06,2022-11-07
Phishing,High,Cloud,Jerean,Email,57,37.84,91,73.81,662834.38,2023-10-05,2023-10-09
Ransomware,Critical,Database,Ej,Email,113,10.93,56,86.1,371856.42,2024-09-11,2024-09-15
DDoS,High,Workstation,Roman,SIEM,33,37.43,89,94.12,646364.28,2022-08-09,2022-08-10
Malware,Low,Cloud,Ej,Network,23,18.21,93,20.97,356892.0,2024-06-10,2024-06-12
Unauthorized Access,Critical,Database,Ryo,SIEM,51,14.09,28,31.67,674076.9,2024-06-01,2024-06-05
Unauthorized Access,Critical,Workstation,Roman,Endpoint,140,5.6,16,24.79,729506.27,2023-09-21,2023-09-26
Malware,Critical,Workstation,Jerean,SIEM,27,55.15,54,36.52,690862.09,2024-12-06,2024-12-10
Malware,Critical,Cloud,Roman,Firewall,121,31.35,53,91.55,114848.02,2022-07-26,2022-07-31
Unauthorized Access,Low,Database,Ryo,Email,110,45.49,12,57.94,657236.34,2024-05-30,2024-05-31
DDoS,Critical,Cloud,Jerean,Firewall,167,52.66,20,74.08,280707.56,2026-09-16,2026-09-17
Unauthorized Access,Medium,Network,Kris,Firewall,227,49.23,82,49.52,29772.57,2023-09-16,2023-09-20
Malware,Low,Workstation,Ryo,Endpoint,57,34.41,34,3.86,415415.84,2021-10-05,2021-10-08
Ransomware,Medium,Cloud,Jerean,Email,231,28.54,53,7.36,434109.56,2024-05-04,2024-05-09
Phishing,Critical,Workstation,Ej,Firewall,100,27.69,64,54.25,467706.96,2026-03-03,2026-03-05
Ransomware,High,Database,Roman,Endpoint,190,46.44,23,72.16,705119.34,2022-04-29,2022-05-03
Ransomware,Medium,Server,Jerean,Email,9,36.13,27,22.32,309534.97,2024-06-19,2024-06-21
Malware,Critical,Cloud,Roman,Network,20,61.29,17,72.47,315965.23,2023-01-01,2023-01-05
Unauthorized Access,Medium,Cloud,Ej,Endpoint,21,63.1,48,81.26,61491.7,2023-11-07,2023-11-10
DDoS,Critical,Workstation,Jerean,SIEM,164,13.11,21,41.78,687134.39,2023-07-07,2023-07-10
Ransomware,Critical,Database,Kris,Email,106,10.67,50,74.9,568258.27,2023-06-05,2023-06-08
Unauthorized Access,Critical,Network,Ryo,Firewall,228,45.76,40,41.0,350075.69,2021-01-22,2021-01-25
DDoS,High,Database,Jerean,Firewall,184,22.39,95,68.16,705483.79,2022-04-19,2022-04-20
Ransomware,Medium,Cloud,Ej,SIEM,24,2.32,3,76.64,537820.39,2022-12-05,2022-12-06
DDoS,Low,Network,Jerean,SIEM,116,64.09,17,99.2,469775.7,2022-11-18,2022-11-23
Unauthorized Access,Low,Database,Roman,Firewall,124,17.11,61,35.19,511813.22,2021-10-12,2021-10-14
Phishing,Low,Server,Jerean,Email,198,66.98,50,41.69,636711.78,2022-12-17,2022-12-21
Unauthorized Access,Low,Workstation,Kris,Endpoint,216,51.94,90,17.4,660342.6,2023-02-02,2023-02-06
Malware,Critical,Database,Jerean,SIEM,115,55.15,87,21.2,289668.86,2024-06-04,2024-06-05
DDoS,Medium,Database,Ryo,SIEM,214,15.3,6,69.65,141602.62,2023-08-06,2023-08-10
Phishing,Medium,Server,Jerean,SIEM,5,17.63,28,91.79,157477.55,2023-10-28,2023-10-29
DDoS,High,Cloud,Roman,Network,62,38.01,72,40.07,639751.5,2021-01-29,2021-02-03
DDoS,Medium,Workstation,Jerean,Email,97,13.22,55,18.8,873000.41,2023-06-26,2023-06-28
Ransomware,Medium,Database,Kris,Email,225,22.69,58,29.22,410086.78,2026-10-28,2026-11-02
Malware,Medium,Network,Ej,Email,215,23.82,45,46.05,170350.64,2022-07-24,2022-07-27
DDoS,High,Database,Jerean,Email,176,12.33,72,29.77,756845.9,2026-06-30,2026-07-03
Unauthorized Access,Low,Workstation,Jerean,Email,236,15.57,19,24.12,832656.98,2024-12-24,2024-12-27
Unauthorized Access,Medium,Database,Ryo,Firewall,10,56.99,29,73.86,880701.86,2023-01-08,2023-01-13
Ransomware,High,Server,Kris,SIEM,112,12.87,23,1.78,607224.6,2022-05-31,2022-06-04
Malware,High,Database,Ej,Firewall,107,3.02,32,54.38,860867.83,2026-06-24,2026-06-26
Malware,Critical,Database,Roman,Network,54,45.68,10,79.58,16399.54,2021-02-08,2021-02-11
Unauthorized Access,High,Network,Jerean,Endpoint,122,70.29,91,27.36,108128.57,2023-06-06,2023-06-09
Phishing,Low,Server,Ej,SIEM,114,24.52,49,60.73,93483.49,2024-01-04,2024-01-07
Ransomware,Medium,Server,Roman,Network,204,9.42,65,67.22,712892.08,2025-12-29,2025-12-31
Ransomware,High,Database,Kris,Firewall,92,41.5,29,65.85,70512.2,2025-09-07,2025-09-10
Unauthorized Access,Low,Network,Kris,Endpoint,24,65.35,59,45.14,496868.01,2023-09-01,2023-09-03
Unauthorized Access,High,Database,Ej,Network,18,56.67,45,35.31,473234.19,2025-04-12,2025-04-15
Phishing,High,Database,Roman,Endpoint,137,45.2,67,83.76,311392.82,2023-09-16,2023-09-21
Phishing,High,Workstation,Kris,Network,173,23.37,51,76.09,870534.76,2021-01-21,2021-01-26
Malware,High,Workstation,Ej,Firewall,44,39.47,95,32.8,171262.77,2023-05-19,2023-05-21
Ransomware,High,Network,Kris,Endpoint,38,7.48,11,11.2,353110.32,2021-03-25,2021-03-30
Ransomware,Low,Cloud,Kris,Network,128,49.21,86,8.11,774397.33,2025-08-10,2025-08-12
Unauthorized Access,Medium,Workstation,Kris,Firewall,212,52.48,82,10.33,31391.89,2026-05-31,2026-06-05
Malware,Medium,Cloud,Ryo,SIEM,49,69.52,99,58.7,673277.45,2024-11-11,2024-11-16
Ransomware,Medium,Server,Roman,Firewall,203,19.49,6,6.11,816581.33,2025-03-11,2025-03-13
Malware,Medium,Workstation,Ej,Firewall,84,2.31,67,34.36,932335.57,2022-07-24,2022-07-28
Malware,Low,Workstation,Ej,SIEM,75,39.74,62,75.57,876420.34,2023-07-23,2023-07-28
Unauthorized Access,Critical,Network,Roman,Firewall,159,51.18,5,30.14,320064.73,2026-06-04,2026-06-07
Malware,Critical,Cloud,Roman,SIEM,82,57.12,9,76.57,586777.78,2026-01-30,2026-02-03
Phishing,Low,Workstation,Roman,SIEM,82,14.76,28,74.8,78216.2,2023-03-04,2023-03-06
Phishing,Low,Workstation,Roman,SIEM,176,19.58,83,25.34,258612.13,2023-03-03,2023-03-07
DDoS,High,Network,Jerean,Network,37,37.39,92,73.15,95128.16,2025-12-15,2025-12-16
Unauthorized Access,High,Network,Ej,Endpoint,37,24.47,91,75.03,315872.1,2024-07-18,2024-07-19
DDoS,High,Cloud,Jerean,Network,48,62.1,77,40.35,875312.03,2025-05-27,2025-06-01
Phishing,Medium,Server,Kris,SIEM,24,34.64,38,21.83,347819.67,2023-12-20,2023-12-25
DDoS,High,Server,Kris,Endpoint,115,57.77,43,52.61,562336.2,2023-09-12,2023-09-15
Unauthorized Access,Critical,Database,Ej,Endpoint,168,42.22,21,92.22,433947.47,2025-08-08,2025-08-12
Unauthorized Access,Medium,Workstation,Kris,SIEM,11,55.89,91,64.32,459457.61,2022-06-04,2022-06-05
Malware,High,Cloud,Roman,Endpoint,164,24.62,62,18.12,969602.48,2022-08-14,2022-08-19
Ransomware,Medium,Workstation,Jerean,Endpoint,199,60.03,46,68.59,296858.31,2023-11-17,2023-11-21
Malware,Critical,Cloud,Roman,Network,171,20.49,70,43.29,627697.15,2025-09-06,2025-09-11
Unauthorized Access,High,Cloud,Kris,Endpoint,225,39.77,38,59.56,420642.61,2026-07-29,2026-08-03
Phishing,Critical,Cloud,Jerean,SIEM,28,16.19,49,73.67,62085.03,2021-12-15,2021-12-16
Phishing,Critical,Workstation,Roman,Email,218,34.76,75,51.98,489841.5,2023-08-18,2023-08-19
Malware,Critical,Network,Ej,Email,74,23.59,81,81.58,813529.99,2026-05-18,2026-05-23
Unauthorized Access,High,Workstation,Roman,Email,116,19.94,39,72.49,99654.22,2022-11-24,2022-11-26
Phishing,Low,Cloud,Kris,SIEM,220,69.66,71,61.89,70522.26,2025-04-09,2025-04-14
Unauthorized Access,High,Database,Jerean,Email,108,12.37,30,15.93,154477.89,2022-01-13,2022-01-18
Phishing,Critical,Server,Ej,Network,219,56.9,21,83.76,764635.71,2022-06-11,2022-06-14
Unauthorized Access,High,Cloud,Jerean,SIEM,58,70.88,1,93.65,724271.39,2024-06-13,2024-06-16
DDoS,Critical,Database,Ej,SIEM,42,2.41,89,14.56,565452.75,2026-02-19,2026-02-22
Unauthorized Access,Low,Network,Jerean,SIEM,78,50.63,32,49.34,468758.18,2025-10-30,2025-11-01
Unauthorized Access,Medium,Cloud,Kris,Endpoint,84,18.96,8,26.63,888437.49,2022-06-05,2022-06-07
Malware,Low,Database,Ej,Endpoint,207,3.87,69,75.7,766931.13,2025-08-29,2025-09-03
DDoS,Low,Cloud,Ryo,Endpoint,36,29.61,30,72.44,812130.31,2023-10-14,2023-10-17
Ransomware,Medium,Workstation,Jerean,Firewall,49,67.4,8,14.95,813449.04,2023-10-11,2023-10-13
Malware,High,Database,Jerean,Network,65,1.84,19,87.83,643074.44,2021-04-27,2021-04-28
Ransomware,Medium,Workstation,Roman,SIEM,202,42.74,59,18.92,458556.61,2024-09-29,2024-10-04
Phishing,High,Workstation,Ej,SIEM,220,36.6,55,79.93,864813.07,2022-08-07,2022-08-11
Ransomware,High,Database,Ryo,Endpoint,229,63.01,30,46.24,926081.41,2022-01-30,2022-02-04
Unauthorized Access,Critical,Server,Kris,SIEM,57,6.96,79,33.5,24782.24,2023-12-24,2023-12-28
Ransomware,Critical,Database,Roman,SIEM,132,49.39,36,16.67,52503.32,2021-03-13,2021-03-16
Malware,Medium,Server,Ryo,Email,183,49.29,55,17.59,958784.55,2021-10-01,2021-10-05
Malware,Low,Cloud,Ej,SIEM,80,48.5,44,66.53,277883.45,2026-07-07,2026-07-10
Ransomware,Medium,Cloud,Ryo,Firewall,188,67.91,27,55.49,873496.07,2024-09-05,2024-09-06
Malware,High,Database,Jerean,Endpoint,31,59.44,77,13.09,389406.32,2021-12-04,2021-12-08
Malware,Critical,Cloud,Jerean,Network,170,3.98,78,12.16,119980.96,2024-10-21,2024-10-26
Ransomware,Medium,Network,Roman,Network,66,34.45,54,8.16,81362.76,2022-08-30,2022-09-02
DDoS,Medium,Workstation,Ej,Email,22,29.25,48,74.63,157351.39,2021-06-15,2021-06-20
DDoS,Critical,Workstation,Ej,Network,131,23.02,30,71.48,250643.3,2025-04-17,2025-04-19
Phishing,Critical,Server,Ryo,Network,113,33.04,39,6.78,489029.84,2026-08-21,2026-08-24
Malware,Critical,Cloud,Roman,Endpoint,107,28.28,13,56.47,701796.4,2024-08-17,2024-08-21
Ransomware,High,Server,Ej,Endpoint,196,31.7,16,9.38,986412.18,2022-12-30,2023-01-02
Malware,Critical,Workstation,Jerean,Firewall,81,70.53,44,90.47,442065.24,2026-08-06,2026-08-11
Unauthorized Access,Low,Workstation,Ryo,Email,121,7.29,71,90.8,518666.76,2021-04-12,2021-04-13
Malware,Medium,Cloud,Kris,Network,108,66.48,27,70.13,522293.89,2024-11-16,2024-11-19
Malware,Critical,Network,Jerean,Firewall,162,35.1,45,92.69,539894.92,2023-02-18,2023-02-22
DDoS,Critical,Network,Roman,Email,53,45.29,35,81.33,518222.92,2021-08-02,2021-08-04
Ransomware,High,Cloud,Ej,Network,173,59.94,79,83.03,9765.98,2024-01-17,2024-01-18
Malware,High,Cloud,Jerean,Network,120,26.59,28,57.4,2723.1,2025-04-26,2025-04-28
DDoS,Medium,Server,Kris,Endpoint,145,31.56,99,31.3,98568.65,2025-08-23,2025-08-26
Phishing,Low,Cloud,Kris,SIEM,166,30.08,7,22.56,102455.05,2022-08-15,2022-08-20
DDoS,Medium,Network,Roman,Email,104,27.61,62,33.39,705192.01,2024-08-26,2024-08-31
DDoS,Critical,Cloud,Jerean,Network,226,66.71,51,63.22,205711.12,2024-01-15,2024-01-19
DDoS,Low,Server,Ryo,Email,129,59.85,46,18.09,894819.39,2026-11-10,2026-11-15
Malware,Low,Server,Jerean,Firewall,29,8.74,20,26.61,928677.72,2022-12-15,2022-12-16
Malware,Low,Server,Kris,Firewall,198,8.68,96,47.34,975917.44,2023-07-25,2023-07-30
Phishing,Low,Server,Roman,SIEM,132,31.38,38,24.07,939142.22,2026-05-06,2026-05-10
Unauthorized Access,Medium,Database,Roman,Network,104,8.0,61,59.28,272616.43,2021-08-30,2021-09-02
Unauthorized Access,High,Cloud,Ryo,Endpoint,150,44.96,32,92.39,510267.07,2026-08-06,2026-08-09
Unauthorized Access,High,Workstation,Roman,Network,9,11.2,26,75.06,176279.52,2021-01-02,2021-01-07
Phishing,Critical,Cloud,Roman,Email,23,38.09,58,66.98,806403.45,2025-11-04,2025-11-06
Unauthorized Access,High,Database,Roman,Firewall,174,1.51,39,58.69,888543.27,2026-05-04,2026-05-07
Unauthorized Access,High,Server,Roman,Email,22,23.48,20,49.31,851437.55,2026-12-04,2026-12-09
DDoS,High,Database,Roman,SIEM,125,49.08,82,19.47,433933.58,2023-07-07,2023-07-11
Malware,High,Network,Kris,Firewall,36,35.37,50,89.58,758915.21,2021-03-31,2021-04-05
Malware,Critical,Network,Jerean,Endpoint,153,70.46,79,25.61,98481.59,2025-09-06,2025-09-09
DDoS,Medium,Cloud,Ej,Firewall,14,63.06,52,10.04,41204.53,2026-12-10,2026-12-14
DDoS,Low,Cloud,Roman,Network,41,26.49,86,75.25,753483.18,2021-05-23,2021-05-28
DDoS,High,Workstation,Ej,Network,181,4.23,22,18.39,425929.92,2021-04-16,2021-04-17
Malware,Medium,Workstation,Ej,Firewall,90,61.04,53,37.82,995553.72,2023-06-06,2023-06-10
Unauthorized Access,High,Network,Kris,SIEM,17,65.7,85,3.8,98156.96,2022-03-04,2022-03-05
DDoS,High,Server,Roman,Network,187,59.26,66,14.57,855772.05,2024-08-21,2024-08-23
Phishing,Low,Database,Ej,Network,149,10.08,43,18.15,480503.08,2026-03-11,2026-03-15
DDoS,Low,Workstation,Roman,Endpoint,13,71.85,82,6.39,827323.05,2026-06-18,2026-06-19
Ransomware,Low,Workstation,Ryo,Firewall,92,19.36,23,66.01,817310.15,2021-11-13,2021-11-16
DDoS,High,Server,Ryo,Network,176,52.42,77,83.86,916076.01,2026-06-10,2026-06-13
Malware,High,Server,Ryo,SIEM,210,65.47,64,37.96,298552.16,2022-09-27,2022-09-29
DDoS,High,Cloud,Ej,Email,50,17.73,9,87.58,949849.55,2026-04-10,2026-04-14
Ransomware,Low,Database,Ryo,Firewall,140,65.49,7,22.12,152515.29,2026-08-19,2026-08-23
Phishing,Critical,Server,Kris,Endpoint,123,22.97,41,33.21,82886.81,2024-12-10,2024-12-14
Unauthorized Access,Medium,Workstation,Kris,Network,169,70.33,54,15.92,432183.9,2022-07-07,2022-07-09
DDoS,Critical,Workstation,Ej,SIEM,23,20.97,65,62.44,828494.65,2022-12-17,2022-12-21
Ransomware,High,Network,Roman,Firewall,195,68.69,2,42.57,473947.71,2024-07-11,2024-07-14
Ransomware,High,Server,Jerean,SIEM,224,4.8,4,61.72,829457.39,2025-09-10,2025-09-11
Phishing,Critical,Cloud,Roman,SIEM,178,51.36,78,76.41,729957.12,2026-02-27,2026-03-02
Malware,High,Database,Roman,Endpoint,237,38.78,32,55.02,210218.96,2024-01-13,2024-01-16
DDoS,Medium,Cloud,Roman,Firewall,98,34.93,100,63.14,948932.74,2024-09-03,2024-09-04
Ransomware,High,Workstation,Roman,Network,203,16.87,2,93.59,61720.39,2021-04-21,2021-04-24
Phishing,Medium,Cloud,Jerean,Endpoint,30,51.1,64,30.61,898381.43,2021-09-08,2021-09-10
Unauthorized Access,Critical,Workstation,Ryo,Network,236,14.55,14,36.56,305139.01,2026-08-17,2026-08-18
Ransomware,Critical,Workstation,Roman,Email,50,40.25,20,72.05,500647.94,2022-04-04,2022-04-07
Phishing,High,Workstation,Kris,SIEM,122,18.98,89,61.52,422929.52,2024-01-13,2024-01-18
Malware,Medium,Workstation,Ej,Email,50,68.85,49,18.67,172662.72,2021-07-27,2021-07-30
Malware,High,Workstation,Ej,SIEM,207,3.03,8,38.24,358788.72,2023-06-19,2023-06-21
Ransomware,Low,Network,Kris,Endpoint,18,15.18,92,47.32,193741.5,2021-01-22,2021-01-26
Ransomware,Low,Cloud,Roman,Network,89,18.2,63,42.52,204682.59,2022-02-14,2022-02-17
DDoS,Low,Network,Jerean,Network,67,30.4,46,18.65,187869.78,2023-06-14,2023-06-18
Phishing,Low,Network,Ryo,Endpoint,76,17.52,21,92.52,489528.36,2022-05-30,2022-06-04
Ransomware,High,Server,Ej,Firewall,7,35.89,87,76.47,798133.44,2023-03-20,2023-03-23
DDoS,Low,Server,Ryo,Email,32,62.95,32,48.65,569401.06,2023-05-24,2023-05-25
DDoS,Medium,Server,Jerean,Email,129,51.56,8,68.33,893313.38,2021-01-14,2021-01-18
Ransomware,Critical,Database,Ej,Network,161,42.18,95,89.83,636907.94,2023-08-29,2023-09-03
Malware,Critical,Server,Ryo,Network,91,7.32,16,14.48,689650.78,2026-11-05,2026-11-06
Phishing,Low,Cloud,Jerean,Network,150,50.27,40,25.79,667939.62,2025-04-10,2025-04-11
Phishing,Low,Network,Ryo,Endpoint,167,12.82,27,54.73,450009.73,2024-08-17,2024-08-18
Malware,Low,Cloud,Roman,Firewall,81,56.83,18,80.1,689649.48,2024-06-20,2024-06-21
Ransomware,High,Server,Jerean,Email,80,18.75,35,4.59,70638.04,2026-12-10,2026-12-13
Phishing,Critical,Database,Ryo,SIEM,179,30.61,52,98.42,859991.62,2023-01-20,2023-01-23
Ransomware,Low,Database,Roman,Endpoint,118,25.88,15,46.04,778034.33,2022-11-16,2022-11-19
Ransomware,Medium,Network,Roman,Email,137,61.98,63,36.56,245984.73,2026-04-12,2026-04-17
DDoS,Low,Cloud,Jerean,Firewall,235,9.98,53,29.98,768264.42,2022-11-26,2022-12-01
Malware,Critical,Workstation,Kris,Endpoint,79,41.16,91,18.26,13629.96,2021-11-03,2021-11-08
Ransomware,Low,Cloud,Ej,Email,63,11.09,81,79.37,218029.33,2026-06-13,2026-06-15
Unauthorized Access,Critical,Server,Jerean,Endpoint,207,51.04,66,95.59,66072.1,2022-10-24,2022-10-29
Malware,Low,Workstation,Roman,Email,63,65.26,31,41.95,780446.69,2022-07-03,2022-07-06
Phishing,Medium,Database,Roman,Email,238,31.86,61,95.29,756118.28,2021-11-08,2021-11-11
DDoS,Low,Network,Jerean,Firewall,51,35.65,64,82.56,813822.39,2023-12-19,2023-12-21
Phishing,Medium,Network,Kris,SIEM,99,66.85,98,48.62,5477.21,2025-10-04,2025-10-06
Phishing,Medium,Database,Ej,Firewall,227,37.99,34,67.73,501731.49,2023-01-25,2023-01-30
Malware,Low,Server,Ryo,Email,145,35.62,55,44.06,705131.36,2021-02-04,2021-02-08
Phishing,Medium,Database,Jerean,Endpoint,82,42.06,59,56.31,156245.73,2022-03-21,2022-03-23
Ransomware,High,Server,Ej,Firewall,117,49.94,3,6.75,650140.94,2026-11-11,2026-11-12
Phishing,Low,Workstation,Ej,SIEM,113,8.59,17,69.93,85025.99,2026-06-06,2026-06-09
DDoS,Low,Database,Roman,Email,110,59.3,78,6.23,182144.53,2024-05-15,2024-05-16
DDoS,Medium,Server,Ryo,Firewall,93,31.92,78,81.89,476321.02,2021-12-19,2021-12-22
Unauthorized Access,Medium,Workstation,Jerean,Firewall,37,6.14,46,82.67,653911.59,2023-06-22,2023-06-25
DDoS,Low,Database,Roman,Firewall,101,56.82,38,24.47,146723.26,2024-09-17,2024-09-19
Phishing,High,Network,Roman,Firewall,194,27.76,35,33.04,186038.11,2025-10-15,2025-10-17
DDoS,Medium,Database,Kris,Endpoint,83,8.13,1,48.65,205241.92,2021-06-08,2021-06-09
Malware,Medium,Cloud,Ej,SIEM,20,46.0,29,60.07,239462.1,2026-06-01,2026-06-04
DDoS,Critical,Database,Jerean,SIEM,48,63.49,4,29.45,227327.29,2023-08-15,2023-08-16
Ransomware,High,Cloud,Jerean,Email,190,64.03,61,59.66,395753.96,2026-09-03,2026-09-07
Malware,High,Workstation,Jerean,Network,124,68.99,97,30.48,654135.86,2022-02-08,2022-02-09
Unauthorized Access,Low,Database,Roman,Endpoint,234,62.61,17,6.49,438593.75,2022-05-31,2022-06-05
Ransomware,High,Workstation,Kris,Email,138,1.15,28,1.25,776197.93,2024-10-19,2024-10-20
Phishing,Low,Workstation,Ryo,Email,112,28.0,50,11.01,719549.24,2023-08-14,2023-08-19
Phishing,Critical,Server,Roman,Firewall,221,59.12,90,79.43,127400.39,2025-09-09,2025-09-14
Phishing,High,Workstation,Ryo,Network,147,27.0,8,96.18,49792.78,2022-08-31,2022-09-05
Ransomware,Medium,Workstation,Kris,Network,8,43.71,34,43.27,878063.62,2024-06-27,2024-07-01
Ransomware,Critical,Database,Ej,Endpoint,60,44.05,59,51.76,80751.24,2025-03-16,2025-03-17
Ransomware,Low,Database,Jerean,Network,68,26.92,18,15.54,149190.84,2024-12-12,2024-12-13
Malware,Critical,Network,Ryo,Email,200,65.22,95,55.55,23111.14,2025-12-03,2025-12-07
Malware,Low,Server,Roman,Network,226,36.73,59,15.32,628708.03,2021-10-22,2021-10-25
Phishing,Critical,Workstation,Ryo,Network,166,34.0,27,61.51,582788.19,2023-01-25,2023-01-27
DDoS,Low,Server,Ej,SIEM,223,71.82,16,93.39,986916.76,2024-10-26,2024-10-27
Phishing,High,Cloud,Jerean,Email,99,36.04,10,20.37,887045.46,2021-07-05,2021-07-07
Unauthorized Access,Medium,Workstation,Ryo,Network,60,13.67,76,76.69,411432.33,2024-06-23,2024-06-27
Malware,Low,Server,Ej,Network,36,37.43,22,3.33,372214.26,2022-09-29,2022-10-02
Ransomware,Critical,Network,Roman,Firewall,240,58.8,16,38.17,297555.18,2024-07-15,2024-07-18
Malware,Low,Network,Kris,Network,235,56.16,12,11.96,153254.51,2022-06-14,2022-06-17
Ransomware,Low,Workstation,Roman,Network,120,56.99,75,35.9,138945.57,2026-08-31,2026-09-04
Unauthorized Access,Low,Cloud,Jerean,SIEM,13,51.27,84,18.18,133151.42,2023-03-05,2023-03-10
Unauthorized Access,Critical,Network,Roman,Email,195,19.05,51,37.96,115000.64,2026-11-18,2026-11-23
Malware,Medium,Network,Roman,Endpoint,109,62.21,1,42.33,241271.53,2022-04-23,2022-04-25
Ransomware,High,Cloud,Roman,Email,204,64.43,27,30.76,307361.96,2025-06-11,2025-06-16
Unauthorized Access,Medium,Server,Roman,Firewall,82,14.78,67,66.01,961617.39,2023-07-29,2023-08-03
Phishing,Low,Network,Jerean,Email,165,10.26,12,91.97,578894.78,2022-06-10,2022-06-13
Phishing,Critical,Database,Ej,Network,91,70.27,30,40.66,987608.18,2021-01-02,2021-01-05
Ransomware,Medium,Network,Ryo,Firewall,25,62.65,9,20.04,373094.48,2022-01-10,2022-01-12
Malware,Low,Server,Kris,Email,59,64.42,53,27.8,458169.01,2022-07-07,2022-07-08
Unauthorized Access,High,Server,Ryo,Firewall,80,63.93,61,85.55,325254.08,2025-03-06,2025-03-08
Malware,High,Workstation,Ryo,Endpoint,189,39.46,54,57.59,183704.76,2026-01-26,2026-01-28
Phishing,High,Database,Kris,Email,134,46.89,37,46.05,144021.54,2022-01-16,2022-01-20
Unauthorized Access,Low,Server,Jerean,Network,145,39.72,65,15.81,945134.12,2025-07-05,2025-07-09
Malware,Critical,Cloud,Kris,Firewall,130,4.64,42,45.52,986823.87,2021-01-14,2021-01-16
DDoS,Medium,Database,Jerean,SIEM,136,53.93,49,28.57,45864.59,2022-05-19,2022-05-21
Ransomware,High,Database,Ryo,Firewall,88,36.88,4,94.37,151195.53,2026-07-02,2026-07-04
Ransomware,Low,Cloud,Jerean,SIEM,182,46.99,64,88.52,424100.57,2021-05-10,2021-05-15
DDoS,Low,Network,Ej,Network,119,36.69,79,9.31,187147.14,2023-04-18,2023-04-22
Phishing,Medium,Cloud,Kris,Endpoint,52,35.92,51,52.15,364516.51,2026-08-03,2026-08-05
Unauthorized Access,High,Cloud,Ej,SIEM,127,13.2,91,23.28,129967.25,2021-01-28,2021-01-31
Ransomware,Low,Network,Ryo,Endpoint,82,20.79,72,41.67,457055.24,2026-10-15,2026-10-18
DDoS,Medium,Network,Kris,Firewall,34,12.28,60,87.81,272422.92,2024-06-06,2024-06-11
DDoS,Critical,Network,Ryo,Network,33,14.89,87,53.22,352553.15,2021-09-18,2021-09-23
Phishing,Critical,Network,Ej,SIEM,140,70.08,79,34.09,95218.34,2026-08-09,2026-08-10
Phishing,Critical,Network,Ryo,Firewall,144,11.87,91,21.58,428699.92,2025-01-12,2025-01-13
Malware,High,Cloud,Kris,Email,45,20.12,31,80.23,983274.35,2024-12-18,2024-12-19
Ransomware,Medium,Workstation,Kris,Firewall,234,42.93,72,62.83,329504.21,2022-04-05,2022-04-10
Malware,Medium,Workstation,Ryo,Endpoint,30,44.32,94,47.34,876552.85,2021-10-28,2021-11-02
DDoS,Low,Server,Kris,Network,54,11.93,58,22.53,843355.94,2022-09-22,2022-09-27
