Product_Name,Category,Flavor,Order_Status,Sales_Channel,Container_Size_Lbs,Servings_Per_Container,Customer_Rating,Units_Sold,Order_Date,Shipment_Date
Plant Power Vegan,Protein Powder,Cookies & Cream,Delivered,Marketplace,2,30,4,310,11/21/2025,11/26/2025
Plant Power Vegan,Protein Powder,Unflavored,Cancelled,Retail Store,2,30,1,4944,5/16/2025,05/26/2025
Pre-Workout Ignition,Pre-Workout,Fruit Punch,Processing,Retail Store,1,45,5,1189,4/7/2025,04/09/2025
Plant Power Vegan,Protein Powder,Cookies & Cream,Processing,Retail Store,2,30,1,33,9/17/2026,09/20/2026
Whey Isolate Elite,Protein Powder,Milk Chocolate,Processing,Online Store,2,30,3,1118,11/24/2025,11/29/2025
Max Pre-Workout,Pre-Workout,Sour Apple,Returned,Online Store,1,45,4,967,12/25/2026,01/01/2027
Plant Power Vegan,Protein Powder,Vanilla Ice Cream,Delivered,Retail Store,5,75,3,149,9/2/2026,09/12/2026
Titan Weight Gainer,Weight Gainer,Double Chocolate,Shipped,Gym Partner,12,32,4,2867,6/19/2025,06/24/2025
Whey Isolate Elite,Protein Powder,Unflavored,Shipped,Retail Store,5,75,3,3415,3/20/2026,03/22/2026
Pre-Workout Ignition,Pre-Workout,Watermelon,Delivered,Retail Store,1.33,60,5,4319,2/10/2025,02/18/2025
Plant Power Vegan,Protein Powder,Cookies & Cream,Processing,Marketplace,2,30,5,4534,3/30/2026,04/09/2026
Whey Isolate Elite,Protein Powder,Cookies & Cream,Returned,Gym Partner,5,75,2,16,10/23/2026,10/27/2026
Whey Isolate Elite,Protein Powder,Unflavored,Processing,Online Store,2,30,1,2575,2/13/2025,02/21/2025
Pre-Workout Ignition,Pre-Workout,Watermelon,Cancelled,Gym Partner,1.33,60,4,4462,4/24/2026,04/26/2026
Nitro Whey Concentrate,Protein Powder,Vanilla Ice Cream,Shipped,Gym Partner,2,30,1,855,8/17/2025,08/24/2025
Titan Weight Gainer,Weight Gainer,Vanilla Custard,Cancelled,Gym Partner,12,32,2,1210,5/27/2026,05/29/2026
Mass Gainer Pro,Weight Gainer,Vanilla Custard,Processing,Online Store,6,16,2,4747,12/4/2025,12/07/2025
Max Pre-Workout,Pre-Workout,Sour Apple,Processing,Online Store,1.33,60,2,1912,7/16/2026,07/23/2026
Titan Weight Gainer,Weight Gainer,Vanilla Custard,Processing,Online Store,6,16,2,1910,2/6/2025,02/16/2025
Nitro Whey Concentrate,Protein Powder,Vanilla Ice Cream,Processing,Online Store,5,75,2,3305,5/30/2026,06/03/2026
Nitro Whey Concentrate,Protein Powder,Unflavored,Delivered,Gym Partner,2,30,4,3746,9/3/2026,09/07/2026
Whey Isolate Elite,Protein Powder,Vanilla Ice Cream,Shipped,Gym Partner,5,75,2,2967,6/14/2025,06/16/2025
Mass Gainer Pro,Weight Gainer,Vanilla Custard,Shipped,Marketplace,12,32,3,4046,7/22/2026,07/26/2026
Plant Power Vegan,Protein Powder,Unflavored,Processing,Gym Partner,5,75,4,2739,10/1/2026,10/10/2026
Pre-Workout Ignition,Pre-Workout,Watermelon,Returned,Retail Store,1,45,4,2949,2/28/2025,03/04/2025
Plant Power Vegan,Protein Powder,Vanilla Ice Cream,Delivered,Retail Store,2,30,4,586,5/17/2026,05/23/2026
Max Pre-Workout,Pre-Workout,Sour Apple,Delivered,Marketplace,0.66,30,2,1068,12/15/2025,12/21/2025
Creatine Monohydrate Pure,Creatine,Unflavored,Delivered,Retail Store,1.1,100,4,3763,10/24/2025,10/28/2025
Creatine Monohydrate Pure,Creatine,Unflavored,Returned,Online Store,2.2,200,5,2248,8/14/2026,08/21/2026
Nitro Whey Concentrate,Protein Powder,Milk Chocolate,Shipped,Retail Store,2,30,1,2260,12/7/2025,12/13/2025
Whey Isolate Elite,Protein Powder,Cookies & Cream,Delivered,Marketplace,2,30,3,4929,4/23/2025,04/29/2025
Creatine Drive,Creatine,Fruit Punch,Delivered,Online Store,0.66,60,2,954,9/10/2025,09/20/2025
Nitro Whey Concentrate,Protein Powder,Vanilla Ice Cream,Processing,Online Store,5,75,4,4451,5/13/2025,05/21/2025
Titan Weight Gainer,Weight Gainer,Double Chocolate,Shipped,Online Store,6,16,4,1600,4/23/2026,04/28/2026
Nitro Whey Concentrate,Protein Powder,Unflavored,Delivered,Retail Store,2,30,3,4992,11/14/2025,11/18/2025
Creatine Monohydrate Pure,Creatine,Fruit Punch,Cancelled,Gym Partner,0.66,60,2,1358,1/21/2026,01/23/2026
Plant Power Vegan,Protein Powder,Cookies & Cream,Shipped,Retail Store,2,30,1,4408,2/21/2026,03/01/2026
Whey Isolate Elite,Protein Powder,Cookies & Cream,Returned,Online Store,2,30,1,330,3/31/2025,04/10/2025
Titan Weight Gainer,Weight Gainer,Vanilla Custard,Shipped,Marketplace,6,16,1,4477,12/29/2026,01/03/2027
Whey Isolate Elite,Protein Powder,Milk Chocolate,Processing,Online Store,2,30,4,3509,2/14/2025,02/17/2025
Mass Gainer Pro,Weight Gainer,Double Chocolate,Returned,Gym Partner,12,32,2,3465,11/19/2026,11/27/2026
Mass Gainer Pro,Weight Gainer,Double Chocolate,Shipped,Online Store,6,16,5,2786,10/27/2026,11/05/2026
Pre-Workout Ignition,Pre-Workout,Sour Apple,Returned,Retail Store,1.33,60,5,4891,5/4/2026,05/07/2026
Titan Weight Gainer,Weight Gainer,Vanilla Custard,Processing,Retail Store,6,16,5,2973,8/31/2025,09/07/2025
Creatine Drive,Creatine,Fruit Punch,Shipped,Marketplace,0.66,60,4,1832,9/5/2026,09/07/2026
Max Pre-Workout,Pre-Workout,Sour Apple,Returned,Online Store,0.66,30,2,1069,4/13/2026,04/20/2026
Creatine Drive,Creatine,Unflavored,Processing,Marketplace,0.66,60,5,1248,6/7/2025,06/13/2025
Pre-Workout Ignition,Pre-Workout,Fruit Punch,Shipped,Marketplace,0.66,30,1,4729,8/27/2026,09/05/2026
Max Pre-Workout,Pre-Workout,Sour Apple,Cancelled,Online Store,1.33,60,1,1462,9/13/2026,09/21/2026
Titan Weight Gainer,Weight Gainer,Double Chocolate,Delivered,Retail Store,12,32,4,468,11/9/2026,11/16/2026
Mass Gainer Pro,Weight Gainer,Double Chocolate,Cancelled,Retail Store,6,16,3,987,5/27/2026,06/05/2026
Max Pre-Workout,Pre-Workout,Fruit Punch,Cancelled,Marketplace,1.33,60,4,185,10/28/2025,10/31/2025
Mass Gainer Pro,Weight Gainer,Double Chocolate,Delivered,Retail Store,6,16,2,270,8/14/2025,08/17/2025
Whey Isolate Elite,Protein Powder,Cookies & Cream,Cancelled,Marketplace,2,30,5,4654,5/3/2026,05/13/2026
Whey Isolate Elite,Protein Powder,Milk Chocolate,Shipped,Online Store,2,30,2,4325,5/30/2025,06/03/2025
Max Pre-Workout,Pre-Workout,Watermelon,Shipped,Online Store,0.66,30,4,3564,9/18/2025,09/23/2025
Nitro Whey Concentrate,Protein Powder,Unflavored,Returned,Retail Store,2,30,3,3757,6/22/2026,06/30/2026
Pre-Workout Ignition,Pre-Workout,Fruit Punch,Cancelled,Retail Store,0.66,30,2,4921,12/8/2025,12/10/2025
Plant Power Vegan,Protein Powder,Milk Chocolate,Processing,Marketplace,2,30,1,4105,4/26/2026,04/30/2026
Nitro Whey Concentrate,Protein Powder,Unflavored,Cancelled,Retail Store,2,30,1,4336,7/10/2025,07/12/2025
Pre-Workout Ignition,Pre-Workout,Fruit Punch,Delivered,Retail Store,1,45,5,457,11/6/2026,11/11/2026
Creatine Drive,Creatine,Fruit Punch,Cancelled,Retail Store,2.2,200,2,492,8/11/2026,08/15/2026
Pre-Workout Ignition,Pre-Workout,Sour Apple,Cancelled,Gym Partner,1,45,5,3267,4/4/2026,04/10/2026
Creatine Drive,Creatine,Fruit Punch,Delivered,Retail Store,0.66,60,4,257,9/28/2025,10/02/2025
Plant Power Vegan,Protein Powder,Vanilla Ice Cream,Delivered,Retail Store,5,75,2,308,11/21/2026,11/23/2026
Nitro Whey Concentrate,Protein Powder,Unflavored,Delivered,Retail Store,2,30,3,3716,10/17/2026,10/25/2026
Titan Weight Gainer,Weight Gainer,Vanilla Custard,Cancelled,Online Store,12,32,3,3167,4/10/2025,04/19/2025
Max Pre-Workout,Pre-Workout,Sour Apple,Delivered,Online Store,1,45,1,2196,12/31/2025,01/08/2026
Mass Gainer Pro,Weight Gainer,Double Chocolate,Returned,Gym Partner,12,32,4,40,9/28/2026,10/06/2026
Mass Gainer Pro,Weight Gainer,Vanilla Custard,Delivered,Marketplace,6,16,3,2835,6/18/2026,06/26/2026
Plant Power Vegan,Protein Powder,Unflavored,Delivered,Marketplace,2,30,5,2917,2/25/2026,02/27/2026
Titan Weight Gainer,Weight Gainer,Double Chocolate,Processing,Online Store,6,16,4,1717,3/4/2025,03/06/2025
Titan Weight Gainer,Weight Gainer,Vanilla Custard,Shipped,Gym Partner,12,32,1,1343,5/12/2025,05/21/2025
Whey Isolate Elite,Protein Powder,Cookies & Cream,Shipped,Online Store,2,30,4,2921,2/2/2026,02/09/2026
Nitro Whey Concentrate,Protein Powder,Milk Chocolate,Shipped,Retail Store,2,30,2,2789,11/15/2026,11/22/2026
Plant Power Vegan,Protein Powder,Unflavored,Delivered,Online Store,2,30,2,686,6/3/2026,06/13/2026
Plant Power Vegan,Protein Powder,Cookies & Cream,Cancelled,Retail Store,2,30,5,4772,12/27/2025,01/02/2026
Titan Weight Gainer,Weight Gainer,Double Chocolate,Processing,Retail Store,6,16,1,230,6/19/2026,06/23/2026
Plant Power Vegan,Protein Powder,Unflavored,Processing,Retail Store,5,75,2,4726,12/9/2025,12/16/2025
Max Pre-Workout,Pre-Workout,Sour Apple,Shipped,Online Store,1,45,4,3877,7/29/2026,08/05/2026
Nitro Whey Concentrate,Protein Powder,Milk Chocolate,Shipped,Online Store,2,30,1,1221,11/26/2025,12/01/2025
Pre-Workout Ignition,Pre-Workout,Watermelon,Shipped,Retail Store,0.66,30,2,1116,11/15/2026,11/18/2026
Plant Power Vegan,Protein Powder,Unflavored,Delivered,Marketplace,5,75,3,4303,7/5/2026,07/09/2026
Nitro Whey Concentrate,Protein Powder,Milk Chocolate,Cancelled,Online Store,5,75,3,307,10/25/2026,10/29/2026
Nitro Whey Concentrate,Protein Powder,Vanilla Ice Cream,Shipped,Marketplace,5,75,5,2359,2/4/2025,02/12/2025
Plant Power Vegan,Protein Powder,Milk Chocolate,Returned,Online Store,2,30,2,2275,3/6/2025,03/14/2025
Whey Isolate Elite,Protein Powder,Unflavored,Returned,Retail Store,5,75,3,143,9/8/2026,09/15/2026
Whey Isolate Elite,Protein Powder,Vanilla Ice Cream,Delivered,Marketplace,5,75,2,347,7/10/2026,07/18/2026
Titan Weight Gainer,Weight Gainer,Vanilla Custard,Shipped,Marketplace,6,16,5,2481,8/31/2025,09/04/2025
Creatine Monohydrate Pure,Creatine,Blue Raspberry,Shipped,Retail Store,0.66,60,4,3027,3/31/2025,04/05/2025
Plant Power Vegan,Protein Powder,Vanilla Ice Cream,Cancelled,Retail Store,2,30,2,3892,12/4/2026,12/07/2026
Mass Gainer Pro,Weight Gainer,Vanilla Custard,Cancelled,Marketplace,12,32,5,3361,8/25/2026,09/02/2026
Pre-Workout Ignition,Pre-Workout,Watermelon,Delivered,Retail Store,1,45,5,4034,7/14/2026,07/16/2026
Titan Weight Gainer,Weight Gainer,Vanilla Custard,Cancelled,Marketplace,12,32,5,397,11/11/2025,11/16/2025
Nitro Whey Concentrate,Protein Powder,Vanilla Ice Cream,Cancelled,Marketplace,2,30,1,717,8/4/2025,08/14/2025
Whey Isolate Elite,Protein Powder,Cookies & Cream,Processing,Retail Store,5,75,3,1085,12/30/2025,01/04/2026
Creatine Monohydrate Pure,Creatine,Fruit Punch,Delivered,Retail Store,1.1,100,1,4180,1/8/2025,01/15/2025
Creatine Monohydrate Pure,Creatine,Blue Raspberry,Shipped,Retail Store,0.66,60,4,1775,9/23/2026,09/25/2026
Titan Weight Gainer,Weight Gainer,Vanilla Custard,Processing,Marketplace,12,32,5,253,4/19/2025,04/29/2025
Pre-Workout Ignition,Pre-Workout,Fruit Punch,Shipped,Marketplace,0.66,30,2,4269,5/17/2026,05/20/2026
Pre-Workout Ignition,Pre-Workout,Watermelon,Returned,Marketplace,0.66,30,1,260,12/7/2025,12/09/2025
Mass Gainer Pro,Weight Gainer,Vanilla Custard,Processing,Retail Store,6,16,4,4665,12/6/2025,12/08/2025
Creatine Monohydrate Pure,Creatine,Blue Raspberry,Shipped,Gym Partner,0.66,60,5,2979,3/20/2026,03/22/2026
Pre-Workout Ignition,Pre-Workout,Fruit Punch,Shipped,Gym Partner,0.66,30,5,2863,12/11/2026,12/20/2026
Creatine Monohydrate Pure,Creatine,Fruit Punch,Delivered,Online Store,0.66,60,5,2779,1/9/2025,01/14/2025
Max Pre-Workout,Pre-Workout,Fruit Punch,Delivered,Retail Store,1,45,5,3307,2/18/2025,02/27/2025
Titan Weight Gainer,Weight Gainer,Vanilla Custard,Shipped,Marketplace,6,16,2,1176,8/18/2025,08/20/2025
Plant Power Vegan,Protein Powder,Milk Chocolate,Processing,Online Store,2,30,3,1238,3/22/2025,04/01/2025
Whey Isolate Elite,Protein Powder,Milk Chocolate,Returned,Marketplace,5,75,3,1507,6/23/2025,06/25/2025
Mass Gainer Pro,Weight Gainer,Vanilla Custard,Returned,Marketplace,6,16,1,3677,4/19/2025,04/25/2025
Pre-Workout Ignition,Pre-Workout,Fruit Punch,Cancelled,Online Store,0.66,30,1,4926,8/8/2026,08/13/2026
Creatine Drive,Creatine,Fruit Punch,Delivered,Gym Partner,0.66,60,3,505,8/16/2026,08/18/2026
Nitro Whey Concentrate,Protein Powder,Cookies & Cream,Delivered,Online Store,2,30,3,4352,7/9/2026,07/14/2026
Mass Gainer Pro,Weight Gainer,Double Chocolate,Cancelled,Online Store,6,16,2,571,5/15/2026,05/22/2026
Mass Gainer Pro,Weight Gainer,Vanilla Custard,Shipped,Retail Store,12,32,3,4030,10/8/2025,10/18/2025
Pre-Workout Ignition,Pre-Workout,Sour Apple,Processing,Online Store,1,45,5,860,4/10/2025,04/13/2025
Pre-Workout Ignition,Pre-Workout,Watermelon,Processing,Marketplace,1,45,2,2051,10/31/2026,11/07/2026
Titan Weight Gainer,Weight Gainer,Double Chocolate,Shipped,Gym Partner,12,32,2,2439,1/14/2025,01/17/2025
Titan Weight Gainer,Weight Gainer,Vanilla Custard,Processing,Gym Partner,6,16,4,4446,2/17/2026,02/19/2026
Nitro Whey Concentrate,Protein Powder,Vanilla Ice Cream,Processing,Marketplace,5,75,3,3128,4/20/2026,04/23/2026
Creatine Drive,Creatine,Fruit Punch,Delivered,Retail Store,1.1,100,5,2510,12/16/2026,12/21/2026
Max Pre-Workout,Pre-Workout,Watermelon,Processing,Marketplace,1,45,4,594,1/25/2026,01/27/2026
Nitro Whey Concentrate,Protein Powder,Vanilla Ice Cream,Delivered,Online Store,5,75,5,3238,8/4/2025,08/10/2025
Mass Gainer Pro,Weight Gainer,Double Chocolate,Processing,Marketplace,12,32,4,2768,2/2/2025,02/12/2025
Pre-Workout Ignition,Pre-Workout,Fruit Punch,Returned,Marketplace,0.66,30,5,4608,12/22/2025,12/24/2025
Plant Power Vegan,Protein Powder,Milk Chocolate,Cancelled,Retail Store,2,30,3,4678,6/26/2026,06/30/2026
Creatine Monohydrate Pure,Creatine,Fruit Punch,Returned,Retail Store,2.2,200,5,2082,8/10/2025,08/18/2025
Creatine Monohydrate Pure,Creatine,Blue Raspberry,Processing,Retail Store,0.66,60,3,3087,5/18/2025,05/23/2025
Plant Power Vegan,Protein Powder,Vanilla Ice Cream,Cancelled,Gym Partner,2,30,4,4936,9/24/2026,10/04/2026
Titan Weight Gainer,Weight Gainer,Double Chocolate,Returned,Gym Partner,6,16,4,4611,10/10/2026,10/19/2026
Plant Power Vegan,Protein Powder,Milk Chocolate,Cancelled,Retail Store,2,30,2,780,5/22/2026,05/24/2026
Creatine Drive,Creatine,Unflavored,Delivered,Retail Store,2.2,200,2,20,10/8/2026,10/10/2026
Creatine Drive,Creatine,Blue Raspberry,Shipped,Gym Partner,0.66,60,4,1194,8/30/2026,09/02/2026
Titan Weight Gainer,Weight Gainer,Double Chocolate,Cancelled,Retail Store,6,16,1,3337,1/26/2025,01/28/2025
Nitro Whey Concentrate,Protein Powder,Milk Chocolate,Shipped,Online Store,5,75,4,468,9/20/2026,09/28/2026
Creatine Drive,Creatine,Unflavored,Delivered,Retail Store,1.1,100,4,3544,5/18/2026,05/22/2026
Plant Power Vegan,Protein Powder,Vanilla Ice Cream,Delivered,Retail Store,2,30,2,3619,10/11/2026,10/16/2026
Creatine Monohydrate Pure,Creatine,Unflavored,Returned,Marketplace,0.66,60,3,3226,7/5/2026,07/10/2026
Creatine Drive,Creatine,Blue Raspberry,Cancelled,Online Store,2.2,200,4,1393,4/28/2025,05/02/2025
Plant Power Vegan,Protein Powder,Unflavored,Shipped,Gym Partner,2,30,1,468,3/10/2025,03/17/2025
Creatine Monohydrate Pure,Creatine,Blue Raspberry,Returned,Marketplace,1.1,100,2,238,1/13/2026,01/23/2026
Nitro Whey Concentrate,Protein Powder,Vanilla Ice Cream,Cancelled,Marketplace,5,75,1,2920,9/15/2026,09/23/2026
Creatine Monohydrate Pure,Creatine,Blue Raspberry,Shipped,Retail Store,0.66,60,4,66,11/28/2026,12/05/2026
Nitro Whey Concentrate,Protein Powder,Cookies & Cream,Returned,Marketplace,5,75,4,1521,1/7/2025,01/11/2025
Titan Weight Gainer,Weight Gainer,Double Chocolate,Cancelled,Retail Store,12,32,2,2352,10/24/2026,11/03/2026
Creatine Monohydrate Pure,Creatine,Fruit Punch,Returned,Gym Partner,1.1,100,4,4848,6/27/2025,07/04/2025
Plant Power Vegan,Protein Powder,Vanilla Ice Cream,Cancelled,Marketplace,5,75,1,2570,2/24/2026,03/01/2026
Mass Gainer Pro,Weight Gainer,Vanilla Custard,Processing,Online Store,12,32,2,517,3/24/2025,04/03/2025
Pre-Workout Ignition,Pre-Workout,Watermelon,Returned,Gym Partner,1.33,60,2,1036,3/5/2026,03/13/2026
Pre-Workout Ignition,Pre-Workout,Watermelon,Delivered,Online Store,0.66,30,5,2880,4/23/2026,04/26/2026
Titan Weight Gainer,Weight Gainer,Double Chocolate,Shipped,Marketplace,12,32,4,4606,5/10/2026,05/12/2026
Creatine Monohydrate Pure,Creatine,Unflavored,Cancelled,Marketplace,0.66,60,1,2587,5/4/2025,05/14/2025
Pre-Workout Ignition,Pre-Workout,Watermelon,Processing,Marketplace,0.66,30,3,3662,12/14/2025,12/23/2025
Titan Weight Gainer,Weight Gainer,Double Chocolate,Shipped,Online Store,12,32,2,4096,5/16/2025,05/26/2025
Nitro Whey Concentrate,Protein Powder,Cookies & Cream,Cancelled,Gym Partner,2,30,3,4633,7/26/2025,08/03/2025
Nitro Whey Concentrate,Protein Powder,Milk Chocolate,Processing,Online Store,2,30,3,671,9/18/2025,09/20/2025
Pre-Workout Ignition,Pre-Workout,Watermelon,Shipped,Marketplace,0.66,30,1,2660,4/6/2026,04/09/2026
Titan Weight Gainer,Weight Gainer,Vanilla Custard,Returned,Marketplace,12,32,2,1659,2/12/2026,02/19/2026
Mass Gainer Pro,Weight Gainer,Double Chocolate,Shipped,Gym Partner,6,16,4,2968,3/14/2025,03/19/2025
Nitro Whey Concentrate,Protein Powder,Vanilla Ice Cream,Returned,Retail Store,2,30,1,2047,7/6/2026,07/11/2026
Whey Isolate Elite,Protein Powder,Cookies & Cream,Shipped,Online Store,5,75,2,1767,8/22/2025,08/28/2025
Mass Gainer Pro,Weight Gainer,Vanilla Custard,Shipped,Marketplace,6,16,1,2995,3/23/2026,03/30/2026
Titan Weight Gainer,Weight Gainer,Vanilla Custard,Processing,Marketplace,12,32,4,2253,5/17/2025,05/24/2025
Max Pre-Workout,Pre-Workout,Watermelon,Shipped,Online Store,1,45,1,4791,2/10/2025,02/20/2025
Titan Weight Gainer,Weight Gainer,Double Chocolate,Cancelled,Marketplace,6,16,5,2524,8/26/2025,09/02/2025
Mass Gainer Pro,Weight Gainer,Vanilla Custard,Cancelled,Retail Store,6,16,2,1163,1/4/2026,01/08/2026
Pre-Workout Ignition,Pre-Workout,Sour Apple,Shipped,Retail Store,1.33,60,5,687,2/7/2025,02/16/2025
Whey Isolate Elite,Protein Powder,Unflavored,Returned,Online Store,2,30,2,3333,4/21/2025,04/25/2025
Max Pre-Workout,Pre-Workout,Watermelon,Cancelled,Retail Store,0.66,30,1,1732,8/30/2026,09/04/2026
Mass Gainer Pro,Weight Gainer,Double Chocolate,Shipped,Retail Store,6,16,2,479,5/20/2025,05/26/2025
Max Pre-Workout,Pre-Workout,Fruit Punch,Processing,Gym Partner,1.33,60,3,4047,3/19/2025,03/22/2025
Nitro Whey Concentrate,Protein Powder,Milk Chocolate,Delivered,Retail Store,2,30,3,666,11/17/2025,11/26/2025
Nitro Whey Concentrate,Protein Powder,Cookies & Cream,Cancelled,Gym Partner,2,30,4,825,9/11/2025,09/13/2025
Creatine Drive,Creatine,Unflavored,Returned,Marketplace,2.2,200,2,3217,11/21/2025,11/30/2025
Nitro Whey Concentrate,Protein Powder,Cookies & Cream,Processing,Retail Store,5,75,3,2848,9/7/2026,09/13/2026
Titan Weight Gainer,Weight Gainer,Double Chocolate,Cancelled,Retail Store,12,32,2,3546,10/6/2025,10/10/2025
Creatine Monohydrate Pure,Creatine,Fruit Punch,Returned,Marketplace,2.2,200,3,575,5/19/2025,05/29/2025
Titan Weight Gainer,Weight Gainer,Double Chocolate,Cancelled,Retail Store,12,32,3,2533,8/14/2025,08/24/2025
Max Pre-Workout,Pre-Workout,Watermelon,Shipped,Online Store,0.66,30,3,1915,5/8/2026,05/11/2026
Titan Weight Gainer,Weight Gainer,Vanilla Custard,Cancelled,Marketplace,6,16,3,610,12/7/2026,12/11/2026
Creatine Monohydrate Pure,Creatine,Unflavored,Shipped,Online Store,1.1,100,4,2168,11/13/2025,11/22/2025
Mass Gainer Pro,Weight Gainer,Double Chocolate,Returned,Retail Store,12,32,1,295,2/8/2025,02/16/2025
Titan Weight Gainer,Weight Gainer,Double Chocolate,Shipped,Marketplace,6,16,5,85,5/18/2025,05/21/2025
Pre-Workout Ignition,Pre-Workout,Sour Apple,Returned,Retail Store,0.66,30,2,4686,8/27/2025,09/02/2025
Creatine Monohydrate Pure,Creatine,Blue Raspberry,Shipped,Gym Partner,0.66,60,5,4842,11/30/2026,12/06/2026
Nitro Whey Concentrate,Protein Powder,Vanilla Ice Cream,Processing,Retail Store,2,30,3,4152,9/12/2025,09/17/2025
Max Pre-Workout,Pre-Workout,Fruit Punch,Returned,Online Store,1.33,60,1,1689,9/12/2025,09/20/2025
Whey Isolate Elite,Protein Powder,Cookies & Cream,Shipped,Gym Partner,2,30,5,3272,5/9/2025,05/12/2025
Pre-Workout Ignition,Pre-Workout,Sour Apple,Delivered,Gym Partner,1,45,2,2214,7/30/2025,08/03/2025
Pre-Workout Ignition,Pre-Workout,Sour Apple,Returned,Gym Partner,0.66,30,4,2658,11/24/2026,12/02/2026
Whey Isolate Elite,Protein Powder,Unflavored,Processing,Gym Partner,2,30,4,4206,1/5/2026,01/07/2026
Whey Isolate Elite,Protein Powder,Milk Chocolate,Processing,Retail Store,2,30,1,296,11/1/2026,11/10/2026
Plant Power Vegan,Protein Powder,Unflavored,Returned,Retail Store,2,30,1,3144,5/13/2025,05/21/2025
Plant Power Vegan,Protein Powder,Unflavored,Cancelled,Gym Partner,5,75,2,4653,1/14/2025,01/20/2025
Max Pre-Workout,Pre-Workout,Watermelon,Shipped,Online Store,0.66,30,4,369,8/14/2026,08/23/2026
Plant Power Vegan,Protein Powder,Milk Chocolate,Delivered,Marketplace,2,30,3,696,12/1/2025,12/04/2025
Max Pre-Workout,Pre-Workout,Fruit Punch,Delivered,Online Store,1,45,5,2124,8/2/2026,08/11/2026
Whey Isolate Elite,Protein Powder,Vanilla Ice Cream,Cancelled,Online Store,5,75,1,2434,5/5/2026,05/11/2026
Max Pre-Workout,Pre-Workout,Sour Apple,Processing,Retail Store,0.66,30,2,1403,8/13/2025,08/21/2025
Creatine Monohydrate Pure,Creatine,Unflavored,Returned,Marketplace,1.1,100,2,1131,6/22/2026,07/01/2026
Plant Power Vegan,Protein Powder,Unflavored,Processing,Retail Store,2,30,2,2315,10/13/2025,10/23/2025
Titan Weight Gainer,Weight Gainer,Double Chocolate,Returned,Gym Partner,12,32,4,1336,9/29/2026,10/06/2026
Creatine Drive,Creatine,Unflavored,Returned,Marketplace,1.1,100,1,2056,4/2/2025,04/04/2025
Plant Power Vegan,Protein Powder,Vanilla Ice Cream,Processing,Marketplace,2,30,3,4363,11/2/2026,11/11/2026
Plant Power Vegan,Protein Powder,Milk Chocolate,Returned,Online Store,5,75,2,4887,7/21/2026,07/24/2026
Titan Weight Gainer,Weight Gainer,Vanilla Custard,Delivered,Gym Partner,12,32,3,2095,4/4/2026,04/08/2026
Creatine Drive,Creatine,Fruit Punch,Returned,Retail Store,2.2,200,1,1905,11/7/2026,11/16/2026
Max Pre-Workout,Pre-Workout,Watermelon,Shipped,Online Store,1.33,60,3,4294,4/15/2025,04/23/2025
Titan Weight Gainer,Weight Gainer,Vanilla Custard,Delivered,Online Store,12,32,4,1473,8/19/2025,08/28/2025
Creatine Monohydrate Pure,Creatine,Fruit Punch,Delivered,Online Store,1.1,100,2,1238,2/22/2026,02/28/2026
Plant Power Vegan,Protein Powder,Cookies & Cream,Cancelled,Marketplace,5,75,1,3663,2/10/2026,02/18/2026
Whey Isolate Elite,Protein Powder,Vanilla Ice Cream,Processing,Online Store,5,75,2,221,6/3/2026,06/11/2026
Max Pre-Workout,Pre-Workout,Watermelon,Returned,Retail Store,1,45,2,4120,5/18/2025,05/28/2025
Creatine Drive,Creatine,Blue Raspberry,Cancelled,Retail Store,0.66,60,1,1872,7/9/2025,07/12/2025
Max Pre-Workout,Pre-Workout,Sour Apple,Shipped,Gym Partner,1,45,5,543,10/12/2025,10/14/2025
Plant Power Vegan,Protein Powder,Unflavored,Delivered,Online Store,5,75,2,833,8/3/2026,08/10/2026
Mass Gainer Pro,Weight Gainer,Double Chocolate,Cancelled,Gym Partner,6,16,3,3063,7/19/2025,07/22/2025
Creatine Drive,Creatine,Fruit Punch,Delivered,Marketplace,2.2,200,2,3780,8/29/2026,09/04/2026
Whey Isolate Elite,Protein Powder,Milk Chocolate,Processing,Gym Partner,2,30,3,21,8/21/2026,08/30/2026
Whey Isolate Elite,Protein Powder,Cookies & Cream,Returned,Online Store,5,75,5,1338,5/11/2026,05/15/2026
Whey Isolate Elite,Protein Powder,Vanilla Ice Cream,Cancelled,Online Store,5,75,4,4954,9/1/2026,09/05/2026
Plant Power Vegan,Protein Powder,Vanilla Ice Cream,Delivered,Online Store,5,75,4,931,2/10/2025,02/20/2025
Max Pre-Workout,Pre-Workout,Sour Apple,Cancelled,Retail Store,1,45,2,2941,12/14/2026,12/19/2026
Titan Weight Gainer,Weight Gainer,Vanilla Custard,Delivered,Gym Partner,12,32,4,142,9/6/2025,09/08/2025
Max Pre-Workout,Pre-Workout,Watermelon,Cancelled,Retail Store,0.66,30,3,996,8/14/2026,08/24/2026
Whey Isolate Elite,Protein Powder,Vanilla Ice Cream,Delivered,Gym Partner,5,75,2,4084,1/28/2025,02/04/2025
Creatine Drive,Creatine,Unflavored,Processing,Online Store,2.2,200,5,643,7/28/2026,08/03/2026
Titan Weight Gainer,Weight Gainer,Double Chocolate,Shipped,Gym Partner,6,16,5,3466,10/24/2026,11/03/2026
Creatine Monohydrate Pure,Creatine,Blue Raspberry,Returned,Marketplace,1.1,100,1,4115,7/18/2025,07/24/2025
Nitro Whey Concentrate,Protein Powder,Vanilla Ice Cream,Cancelled,Gym Partner,2,30,2,4071,3/27/2026,04/02/2026
Plant Power Vegan,Protein Powder,Cookies & Cream,Returned,Online Store,5,75,3,1796,3/26/2026,04/04/2026
Titan Weight Gainer,Weight Gainer,Vanilla Custard,Returned,Retail Store,12,32,1,4924,5/5/2025,05/13/2025
Pre-Workout Ignition,Pre-Workout,Fruit Punch,Cancelled,Online Store,0.66,30,2,4542,6/22/2026,06/28/2026
Titan Weight Gainer,Weight Gainer,Vanilla Custard,Processing,Online Store,6,16,1,3348,7/30/2026,08/07/2026
Whey Isolate Elite,Protein Powder,Unflavored,Delivered,Retail Store,5,75,5,2711,6/6/2025,06/12/2025
Creatine Drive,Creatine,Unflavored,Processing,Online Store,2.2,200,4,3528,10/6/2026,10/08/2026
Max Pre-Workout,Pre-Workout,Fruit Punch,Delivered,Retail Store,0.66,30,4,1320,4/12/2026,04/15/2026
Creatine Monohydrate Pure,Creatine,Fruit Punch,Cancelled,Online Store,2.2,200,1,4288,1/25/2026,01/27/2026
Titan Weight Gainer,Weight Gainer,Vanilla Custard,Returned,Gym Partner,6,16,3,583,12/24/2025,01/03/2026
Creatine Drive,Creatine,Blue Raspberry,Cancelled,Gym Partner,2.2,200,1,2188,5/4/2026,05/10/2026
Pre-Workout Ignition,Pre-Workout,Sour Apple,Processing,Marketplace,1.33,60,3,2977,8/31/2025,09/08/2025
Creatine Drive,Creatine,Fruit Punch,Delivered,Marketplace,2.2,200,3,2998,9/24/2025,10/01/2025
Mass Gainer Pro,Weight Gainer,Vanilla Custard,Shipped,Retail Store,12,32,1,4253,12/16/2026,12/24/2026
Plant Power Vegan,Protein Powder,Milk Chocolate,Cancelled,Marketplace,2,30,5,3911,7/14/2026,07/19/2026
Creatine Drive,Creatine,Fruit Punch,Processing,Marketplace,2.2,200,5,1838,3/8/2026,03/14/2026
Creatine Monohydrate Pure,Creatine,Fruit Punch,Processing,Gym Partner,0.66,60,5,3945,12/12/2025,12/16/2025
Max Pre-Workout,Pre-Workout,Sour Apple,Shipped,Online Store,0.66,30,3,4299,8/27/2025,09/04/2025
Mass Gainer Pro,Weight Gainer,Double Chocolate,Shipped,Marketplace,12,32,3,255,9/21/2026,09/28/2026
Pre-Workout Ignition,Pre-Workout,Sour Apple,Returned,Gym Partner,1.33,60,5,4410,3/9/2025,03/18/2025
Mass Gainer Pro,Weight Gainer,Vanilla Custard,Shipped,Online Store,6,16,1,2619,4/22/2025,05/01/2025
Whey Isolate Elite,Protein Powder,Unflavored,Processing,Marketplace,2,30,2,776,1/17/2025,01/21/2025
Mass Gainer Pro,Weight Gainer,Vanilla Custard,Cancelled,Online Store,12,32,3,1614,11/9/2026,11/16/2026
Whey Isolate Elite,Protein Powder,Cookies & Cream,Delivered,Gym Partner,2,30,2,1639,10/22/2026,10/27/2026
Mass Gainer Pro,Weight Gainer,Vanilla Custard,Delivered,Online Store,12,32,1,1679,1/14/2025,01/22/2025
Creatine Monohydrate Pure,Creatine,Unflavored,Delivered,Online Store,1.1,100,5,4254,3/6/2025,03/13/2025
Creatine Monohydrate Pure,Creatine,Fruit Punch,Cancelled,Marketplace,1.1,100,4,842,5/22/2025,06/01/2025
Creatine Drive,Creatine,Blue Raspberry,Delivered,Online Store,0.66,60,1,4304,3/10/2026,03/14/2026
Titan Weight Gainer,Weight Gainer,Double Chocolate,Cancelled,Gym Partner,12,32,2,3949,6/3/2026,06/10/2026
Mass Gainer Pro,Weight Gainer,Vanilla Custard,Cancelled,Retail Store,6,16,3,2411,10/15/2026,10/18/2026
Max Pre-Workout,Pre-Workout,Sour Apple,Cancelled,Gym Partner,0.66,30,1,4737,4/30/2026,05/06/2026
Pre-Workout Ignition,Pre-Workout,Sour Apple,Delivered,Retail Store,1.33,60,4,491,1/9/2025,01/15/2025
Whey Isolate Elite,Protein Powder,Cookies & Cream,Returned,Gym Partner,2,30,5,1912,1/3/2026,01/07/2026
Whey Isolate Elite,Protein Powder,Milk Chocolate,Returned,Gym Partner,2,30,3,4121,11/18/2025,11/24/2025
Mass Gainer Pro,Weight Gainer,Double Chocolate,Returned,Online Store,6,16,3,1277,8/6/2026,08/12/2026
Creatine Monohydrate Pure,Creatine,Blue Raspberry,Returned,Marketplace,1.1,100,2,3663,11/23/2025,11/29/2025
Creatine Monohydrate Pure,Creatine,Blue Raspberry,Cancelled,Online Store,0.66,60,3,3343,7/14/2025,07/20/2025
Titan Weight Gainer,Weight Gainer,Vanilla Custard,Delivered,Gym Partner,6,16,2,3178,11/21/2026,11/26/2026
Mass Gainer Pro,Weight Gainer,Vanilla Custard,Processing,Online Store,6,16,4,26,7/3/2025,07/05/2025
Creatine Monohydrate Pure,Creatine,Blue Raspberry,Delivered,Online Store,2.2,200,5,2981,2/24/2026,03/04/2026
Mass Gainer Pro,Weight Gainer,Double Chocolate,Shipped,Retail Store,6,16,2,215,3/16/2025,03/26/2025
Pre-Workout Ignition,Pre-Workout,Watermelon,Returned,Retail Store,0.66,30,5,3546,3/13/2026,03/17/2026
Max Pre-Workout,Pre-Workout,Sour Apple,Delivered,Gym Partner,1.33,60,1,2546,2/16/2026,02/18/2026
Max Pre-Workout,Pre-Workout,Watermelon,Cancelled,Online Store,0.66,30,3,4454,2/14/2026,02/20/2026
Creatine Monohydrate Pure,Creatine,Blue Raspberry,Returned,Retail Store,1.1,100,4,3212,11/12/2026,11/20/2026
Pre-Workout Ignition,Pre-Workout,Watermelon,Processing,Online Store,1.33,60,3,257,6/24/2026,07/04/2026
Pre-Workout Ignition,Pre-Workout,Sour Apple,Shipped,Gym Partner,0.66,30,4,4855,9/5/2025,09/10/2025
Pre-Workout Ignition,Pre-Workout,Fruit Punch,Processing,Retail Store,1.33,60,4,2515,9/21/2026,09/27/2026
Titan Weight Gainer,Weight Gainer,Vanilla Custard,Processing,Online Store,6,16,1,4037,7/26/2026,07/30/2026
Titan Weight Gainer,Weight Gainer,Vanilla Custard,Shipped,Marketplace,12,32,5,2185,11/29/2025,12/01/2025
Max Pre-Workout,Pre-Workout,Watermelon,Processing,Marketplace,1.33,60,1,3924,11/15/2026,11/22/2026
Plant Power Vegan,Protein Powder,Unflavored,Processing,Retail Store,2,30,1,3342,1/28/2026,01/30/2026
Pre-Workout Ignition,Pre-Workout,Watermelon,Cancelled,Gym Partner,1,45,1,1220,6/23/2025,06/26/2025
Creatine Drive,Creatine,Blue Raspberry,Delivered,Online Store,0.66,60,1,1607,3/14/2025,03/18/2025
Plant Power Vegan,Protein Powder,Milk Chocolate,Shipped,Online Store,2,30,3,167,12/30/2026,01/06/2027
Nitro Whey Concentrate,Protein Powder,Unflavored,Processing,Marketplace,5,75,1,4348,9/12/2025,09/22/2025
Nitro Whey Concentrate,Protein Powder,Unflavored,Processing,Marketplace,5,75,3,1586,4/26/2025,04/28/2025
Mass Gainer Pro,Weight Gainer,Vanilla Custard,Cancelled,Gym Partner,6,16,5,1533,12/26/2025,01/05/2026
Creatine Drive,Creatine,Unflavored,Delivered,Retail Store,1.1,100,2,2098,5/19/2026,05/25/2026
Creatine Drive,Creatine,Fruit Punch,Delivered,Online Store,0.66,60,1,3112,6/1/2026,06/09/2026
Mass Gainer Pro,Weight Gainer,Double Chocolate,Delivered,Gym Partner,12,32,4,2795,7/26/2025,07/28/2025
Plant Power Vegan,Protein Powder,Unflavored,Shipped,Online Store,2,30,4,689,8/1/2025,08/04/2025
Mass Gainer Pro,Weight Gainer,Double Chocolate,Processing,Gym Partner,12,32,1,30,9/7/2026,09/09/2026
Max Pre-Workout,Pre-Workout,Fruit Punch,Shipped,Retail Store,0.66,30,3,4711,10/19/2026,10/29/2026
Plant Power Vegan,Protein Powder,Milk Chocolate,Processing,Gym Partner,2,30,3,1813,6/16/2025,06/20/2025
Max Pre-Workout,Pre-Workout,Sour Apple,Cancelled,Marketplace,1,45,5,4780,7/29/2026,08/07/2026
Creatine Monohydrate Pure,Creatine,Blue Raspberry,Processing,Gym Partner,0.66,60,3,1633,8/28/2025,09/06/2025
Whey Isolate Elite,Protein Powder,Cookies & Cream,Shipped,Marketplace,2,30,4,2622,10/2/2026,10/06/2026
Nitro Whey Concentrate,Protein Powder,Cookies & Cream,Delivered,Online Store,2,30,1,3155,4/28/2026,05/03/2026
Creatine Monohydrate Pure,Creatine,Fruit Punch,Cancelled,Marketplace,2.2,200,2,3949,2/14/2026,02/16/2026
Max Pre-Workout,Pre-Workout,Sour Apple,Cancelled,Gym Partner,0.66,30,4,2302,10/2/2025,10/12/2025
Plant Power Vegan,Protein Powder,Unflavored,Shipped,Marketplace,5,75,5,3039,10/3/2026,10/08/2026
Nitro Whey Concentrate,Protein Powder,Cookies & Cream,Delivered,Gym Partner,2,30,1,4411,11/4/2026,11/12/2026
Mass Gainer Pro,Weight Gainer,Double Chocolate,Processing,Online Store,6,16,5,3548,10/3/2026,10/08/2026
Titan Weight Gainer,Weight Gainer,Vanilla Custard,Shipped,Marketplace,12,32,4,515,8/26/2026,09/01/2026
Mass Gainer Pro,Weight Gainer,Vanilla Custard,Delivered,Marketplace,6,16,2,3847,6/14/2026,06/18/2026
Max Pre-Workout,Pre-Workout,Fruit Punch,Delivered,Marketplace,1,45,1,1659,4/15/2026,04/23/2026
Whey Isolate Elite,Protein Powder,Cookies & Cream,Cancelled,Marketplace,2,30,2,2935,1/19/2026,01/22/2026
Max Pre-Workout,Pre-Workout,Watermelon,Delivered,Marketplace,1.33,60,5,2169,5/12/2025,05/22/2025
Creatine Monohydrate Pure,Creatine,Fruit Punch,Delivered,Marketplace,1.1,100,3,4648,9/13/2026,09/19/2026
Max Pre-Workout,Pre-Workout,Watermelon,Shipped,Marketplace,1.33,60,3,4647,12/24/2026,12/29/2026
Max Pre-Workout,Pre-Workout,Sour Apple,Cancelled,Marketplace,1.33,60,3,2011,11/8/2026,11/10/2026
Mass Gainer Pro,Weight Gainer,Vanilla Custard,Shipped,Online Store,12,32,3,2768,3/21/2025,03/30/2025
Whey Isolate Elite,Protein Powder,Unflavored,Processing,Retail Store,5,75,5,4268,3/5/2026,03/09/2026
Pre-Workout Ignition,Pre-Workout,Sour Apple,Cancelled,Gym Partner,1,45,4,2158,12/4/2026,12/10/2026
Max Pre-Workout,Pre-Workout,Fruit Punch,Shipped,Online Store,1.33,60,2,2795,3/4/2026,03/13/2026
Whey Isolate Elite,Protein Powder,Unflavored,Delivered,Retail Store,2,30,2,4201,2/26/2025,03/03/2025
Creatine Monohydrate Pure,Creatine,Blue Raspberry,Processing,Gym Partner,0.66,60,5,3864,5/23/2025,05/31/2025
Mass Gainer Pro,Weight Gainer,Double Chocolate,Cancelled,Gym Partner,12,32,2,4982,10/5/2026,10/12/2026
Max Pre-Workout,Pre-Workout,Fruit Punch,Shipped,Retail Store,0.66,30,4,4859,12/9/2025,12/16/2025
Nitro Whey Concentrate,Protein Powder,Unflavored,Shipped,Gym Partner,5,75,2,2590,3/10/2026,03/12/2026
Max Pre-Workout,Pre-Workout,Fruit Punch,Returned,Marketplace,1.33,60,2,2730,4/10/2026,04/13/2026
Whey Isolate Elite,Protein Powder,Vanilla Ice Cream,Processing,Online Store,5,75,5,2741,8/21/2025,08/28/2025
Creatine Drive,Creatine,Fruit Punch,Cancelled,Marketplace,0.66,60,1,4282,10/13/2026,10/15/2026
Pre-Workout Ignition,Pre-Workout,Sour Apple,Shipped,Gym Partner,1.33,60,2,4346,11/22/2026,11/30/2026
Creatine Monohydrate Pure,Creatine,Blue Raspberry,Processing,Retail Store,2.2,200,1,912,12/12/2026,12/14/2026
Creatine Drive,Creatine,Fruit Punch,Cancelled,Gym Partner,2.2,200,2,3684,5/4/2026,05/11/2026
Creatine Monohydrate Pure,Creatine,Fruit Punch,Returned,Marketplace,0.66,60,3,141,10/16/2026,10/22/2026
Nitro Whey Concentrate,Protein Powder,Unflavored,Cancelled,Marketplace,5,75,1,3326,4/20/2025,04/30/2025
Creatine Drive,Creatine,Blue Raspberry,Cancelled,Gym Partner,0.66,60,2,113,2/27/2026,03/09/2026
Nitro Whey Concentrate,Protein Powder,Unflavored,Shipped,Retail Store,5,75,5,2049,11/26/2025,12/01/2025
Creatine Drive,Creatine,Fruit Punch,Cancelled,Online Store,1.1,100,5,2863,11/5/2026,11/10/2026
Plant Power Vegan,Protein Powder,Cookies & Cream,Processing,Online Store,2,30,2,3641,12/22/2025,12/26/2025
Creatine Drive,Creatine,Fruit Punch,Cancelled,Marketplace,0.66,60,1,486,9/25/2026,10/04/2026
Creatine Drive,Creatine,Blue Raspberry,Delivered,Retail Store,2.2,200,2,3296,6/22/2026,07/01/2026
Creatine Drive,Creatine,Blue Raspberry,Shipped,Gym Partner,0.66,60,4,2458,3/13/2026,03/18/2026
Creatine Monohydrate Pure,Creatine,Fruit Punch,Shipped,Marketplace,2.2,200,2,1286,9/18/2025,09/24/2025
Titan Weight Gainer,Weight Gainer,Vanilla Custard,Delivered,Gym Partner,6,16,4,4932,1/22/2026,01/31/2026
Nitro Whey Concentrate,Protein Powder,Cookies & Cream,Processing,Retail Store,5,75,3,3363,7/5/2026,07/14/2026
Creatine Drive,Creatine,Unflavored,Cancelled,Gym Partner,2.2,200,1,1283,7/31/2026,08/03/2026
Mass Gainer Pro,Weight Gainer,Double Chocolate,Processing,Gym Partner,6,16,3,4071,12/4/2025,12/11/2025
Max Pre-Workout,Pre-Workout,Fruit Punch,Shipped,Retail Store,1,45,5,4964,10/28/2025,11/06/2025
Titan Weight Gainer,Weight Gainer,Double Chocolate,Cancelled,Retail Store,6,16,5,3206,8/12/2025,08/19/2025
Titan Weight Gainer,Weight Gainer,Double Chocolate,Cancelled,Gym Partner,12,32,2,450,10/27/2026,10/31/2026
Creatine Drive,Creatine,Fruit Punch,Processing,Online Store,1.1,100,1,4399,6/30/2025,07/07/2025
Pre-Workout Ignition,Pre-Workout,Watermelon,Shipped,Online Store,0.66,30,5,3969,11/20/2025,11/25/2025
Plant Power Vegan,Protein Powder,Milk Chocolate,Delivered,Retail Store,2,30,3,3237,5/30/2026,06/08/2026
Creatine Monohydrate Pure,Creatine,Fruit Punch,Cancelled,Marketplace,0.66,60,2,1291,3/16/2026,03/25/2026
Creatine Drive,Creatine,Fruit Punch,Shipped,Gym Partner,0.66,60,1,1835,10/18/2025,10/26/2025
Titan Weight Gainer,Weight Gainer,Double Chocolate,Delivered,Retail Store,12,32,5,2412,4/15/2025,04/23/2025
Pre-Workout Ignition,Pre-Workout,Sour Apple,Returned,Marketplace,0.66,30,5,4502,10/29/2025,10/31/2025
Creatine Monohydrate Pure,Creatine,Unflavored,Delivered,Online Store,1.1,100,5,4074,2/3/2025,02/11/2025
Mass Gainer Pro,Weight Gainer,Vanilla Custard,Processing,Online Store,12,32,2,617,1/26/2026,02/01/2026
Mass Gainer Pro,Weight Gainer,Vanilla Custard,Delivered,Online Store,6,16,1,1626,3/1/2025,03/05/2025
Pre-Workout Ignition,Pre-Workout,Fruit Punch,Shipped,Gym Partner,0.66,30,5,1977,2/27/2026,03/04/2026
Pre-Workout Ignition,Pre-Workout,Fruit Punch,Cancelled,Gym Partner,1.33,60,3,4586,7/15/2026,07/20/2026
Mass Gainer Pro,Weight Gainer,Double Chocolate,Cancelled,Retail Store,6,16,2,2842,1/19/2025,01/22/2025
Pre-Workout Ignition,Pre-Workout,Sour Apple,Processing,Online Store,1,45,5,190,6/24/2026,07/02/2026
Titan Weight Gainer,Weight Gainer,Vanilla Custard,Cancelled,Online Store,6,16,2,4862,11/15/2025,11/19/2025
Pre-Workout Ignition,Pre-Workout,Sour Apple,Cancelled,Retail Store,1.33,60,2,2629,4/30/2026,05/06/2026
Max Pre-Workout,Pre-Workout,Fruit Punch,Cancelled,Online Store,1.33,60,4,746,8/29/2025,09/02/2025
Titan Weight Gainer,Weight Gainer,Vanilla Custard,Shipped,Marketplace,12,32,5,3716,8/22/2025,08/25/2025
Titan Weight Gainer,Weight Gainer,Double Chocolate,Shipped,Gym Partner,12,32,4,2452,5/16/2025,05/23/2025
Titan Weight Gainer,Weight Gainer,Double Chocolate,Cancelled,Marketplace,6,16,5,348,5/1/2026,05/06/2026
Nitro Whey Concentrate,Protein Powder,Vanilla Ice Cream,Processing,Retail Store,5,75,5,3658,1/6/2026,01/15/2026
Creatine Monohydrate Pure,Creatine,Fruit Punch,Cancelled,Online Store,2.2,200,5,968,4/1/2026,04/10/2026
Creatine Monohydrate Pure,Creatine,Blue Raspberry,Processing,Marketplace,2.2,200,4,2357,7/17/2026,07/27/2026
Creatine Drive,Creatine,Unflavored,Returned,Online Store,1.1,100,2,1356,6/27/2026,07/02/2026
Creatine Drive,Creatine,Blue Raspberry,Cancelled,Online Store,2.2,200,1,3147,12/29/2026,01/08/2027
Titan Weight Gainer,Weight Gainer,Vanilla Custard,Shipped,Online Store,12,32,5,4445,11/13/2025,11/23/2025
Plant Power Vegan,Protein Powder,Cookies & Cream,Returned,Online Store,5,75,2,2663,3/19/2026,03/26/2026
Nitro Whey Concentrate,Protein Powder,Milk Chocolate,Cancelled,Gym Partner,2,30,4,2824,1/29/2026,01/31/2026
Pre-Workout Ignition,Pre-Workout,Sour Apple,Shipped,Online Store,1.33,60,3,3337,10/31/2025,11/02/2025
Mass Gainer Pro,Weight Gainer,Double Chocolate,Cancelled,Marketplace,12,32,2,947,7/11/2025,07/18/2025
Creatine Drive,Creatine,Fruit Punch,Returned,Online Store,1.1,100,4,2450,7/7/2026,07/17/2026
Max Pre-Workout,Pre-Workout,Sour Apple,Cancelled,Online Store,0.66,30,1,3940,3/11/2025,03/17/2025
Plant Power Vegan,Protein Powder,Milk Chocolate,Shipped,Online Store,2,30,2,1145,7/5/2026,07/10/2026
Titan Weight Gainer,Weight Gainer,Double Chocolate,Cancelled,Online Store,6,16,3,3061,1/31/2025,02/09/2025
Creatine Monohydrate Pure,Creatine,Unflavored,Cancelled,Gym Partner,2.2,200,1,1188,8/31/2026,09/04/2026
Mass Gainer Pro,Weight Gainer,Double Chocolate,Delivered,Marketplace,6,16,1,4854,4/14/2026,04/22/2026
Creatine Drive,Creatine,Fruit Punch,Cancelled,Marketplace,0.66,60,2,1142,4/3/2026,04/05/2026
Titan Weight Gainer,Weight Gainer,Double Chocolate,Cancelled,Gym Partner,6,16,5,3623,3/6/2026,03/16/2026
Pre-Workout Ignition,Pre-Workout,Fruit Punch,Shipped,Marketplace,1,45,2,1908,3/16/2025,03/24/2025
Creatine Drive,Creatine,Fruit Punch,Processing,Gym Partner,2.2,200,4,4304,11/7/2025,11/11/2025
Whey Isolate Elite,Protein Powder,Vanilla Ice Cream,Shipped,Marketplace,2,30,2,428,7/30/2026,08/08/2026
Pre-Workout Ignition,Pre-Workout,Watermelon,Returned,Gym Partner,0.66,30,1,3813,1/23/2025,01/31/2025
Titan Weight Gainer,Weight Gainer,Vanilla Custard,Shipped,Online Store,6,16,5,2840,3/10/2025,03/18/2025
Max Pre-Workout,Pre-Workout,Sour Apple,Shipped,Marketplace,1.33,60,3,3066,8/10/2026,08/14/2026
Nitro Whey Concentrate,Protein Powder,Unflavored,Shipped,Marketplace,5,75,5,174,7/18/2026,07/26/2026
Nitro Whey Concentrate,Protein Powder,Cookies & Cream,Shipped,Gym Partner,2,30,3,581,5/16/2025,05/25/2025
Creatine Monohydrate Pure,Creatine,Unflavored,Delivered,Marketplace,1.1,100,2,1961,4/14/2025,04/19/2025
Whey Isolate Elite,Protein Powder,Cookies & Cream,Delivered,Retail Store,2,30,1,4618,11/17/2026,11/20/2026
Max Pre-Workout,Pre-Workout,Sour Apple,Delivered,Marketplace,1.33,60,5,966,10/30/2025,11/03/2025
Creatine Monohydrate Pure,Creatine,Fruit Punch,Processing,Online Store,0.66,60,4,502,9/21/2025,09/28/2025
Creatine Drive,Creatine,Blue Raspberry,Processing,Retail Store,2.2,200,1,18,5/6/2026,05/11/2026
Mass Gainer Pro,Weight Gainer,Double Chocolate,Shipped,Marketplace,12,32,4,203,2/4/2025,02/13/2025
Pre-Workout Ignition,Pre-Workout,Sour Apple,Shipped,Gym Partner,1,45,3,2647,1/8/2025,01/16/2025
Titan Weight Gainer,Weight Gainer,Vanilla Custard,Processing,Marketplace,6,16,3,4781,1/8/2025,01/12/2025
Titan Weight Gainer,Weight Gainer,Double Chocolate,Shipped,Online Store,12,32,4,2837,2/18/2025,02/20/2025
Titan Weight Gainer,Weight Gainer,Vanilla Custard,Returned,Retail Store,6,16,4,1265,3/27/2026,04/05/2026
Whey Isolate Elite,Protein Powder,Cookies & Cream,Cancelled,Marketplace,5,75,5,2157,12/11/2025,12/19/2025
Titan Weight Gainer,Weight Gainer,Vanilla Custard,Returned,Gym Partner,12,32,2,4621,12/27/2025,01/04/2026
Creatine Monohydrate Pure,Creatine,Unflavored,Cancelled,Online Store,2.2,200,4,2659,2/5/2025,02/15/2025
Pre-Workout Ignition,Pre-Workout,Fruit Punch,Delivered,Marketplace,1.33,60,5,2625,9/30/2025,10/07/2025
Mass Gainer Pro,Weight Gainer,Double Chocolate,Processing,Marketplace,12,32,3,4027,7/17/2025,07/26/2025
Titan Weight Gainer,Weight Gainer,Double Chocolate,Cancelled,Gym Partner,12,32,5,3920,4/25/2026,05/02/2026
Nitro Whey Concentrate,Protein Powder,Vanilla Ice Cream,Shipped,Marketplace,2,30,3,3044,10/5/2026,10/10/2026
Creatine Monohydrate Pure,Creatine,Blue Raspberry,Returned,Retail Store,1.1,100,1,3948,1/2/2025,01/04/2025
Max Pre-Workout,Pre-Workout,Watermelon,Cancelled,Marketplace,0.66,30,5,2434,7/4/2026,07/09/2026
Max Pre-Workout,Pre-Workout,Fruit Punch,Cancelled,Marketplace,0.66,30,1,1838,2/22/2026,02/26/2026
Pre-Workout Ignition,Pre-Workout,Sour Apple,Delivered,Online Store,1,45,2,109,12/17/2025,12/22/2025
Nitro Whey Concentrate,Protein Powder,Unflavored,Cancelled,Marketplace,5,75,4,1419,6/6/2026,06/12/2026
Creatine Drive,Creatine,Unflavored,Shipped,Marketplace,0.66,60,2,3239,11/5/2026,11/07/2026
Creatine Monohydrate Pure,Creatine,Unflavored,Shipped,Retail Store,2.2,200,2,2776,12/9/2026,12/17/2026
Titan Weight Gainer,Weight Gainer,Double Chocolate,Delivered,Gym Partner,6,16,4,1017,10/16/2026,10/24/2026
Creatine Drive,Creatine,Unflavored,Shipped,Gym Partner,2.2,200,3,2659,1/17/2026,01/27/2026
Pre-Workout Ignition,Pre-Workout,Watermelon,Delivered,Retail Store,0.66,30,4,1007,2/6/2026,02/16/2026
Plant Power Vegan,Protein Powder,Cookies & Cream,Shipped,Retail Store,5,75,4,1851,9/5/2026,09/12/2026
Creatine Monohydrate Pure,Creatine,Blue Raspberry,Delivered,Gym Partner,2.2,200,4,2777,1/29/2026,02/08/2026
Whey Isolate Elite,Protein Powder,Unflavored,Processing,Retail Store,5,75,4,2666,7/14/2026,07/24/2026
Creatine Drive,Creatine,Blue Raspberry,Processing,Marketplace,1.1,100,4,12,8/13/2026,08/15/2026
Pre-Workout Ignition,Pre-Workout,Sour Apple,Processing,Online Store,1.33,60,3,2916,11/17/2025,11/24/2025
Creatine Drive,Creatine,Fruit Punch,Processing,Gym Partner,2.2,200,1,802,8/11/2026,08/14/2026
Titan Weight Gainer,Weight Gainer,Vanilla Custard,Returned,Retail Store,6,16,5,2244,6/29/2026,07/06/2026
Creatine Drive,Creatine,Blue Raspberry,Processing,Online Store,2.2,200,4,4894,8/29/2025,08/31/2025
Plant Power Vegan,Protein Powder,Vanilla Ice Cream,Cancelled,Marketplace,2,30,2,1374,11/14/2026,11/16/2026
Whey Isolate Elite,Protein Powder,Unflavored,Delivered,Online Store,2,30,2,1594,11/15/2026,11/25/2026
Mass Gainer Pro,Weight Gainer,Vanilla Custard,Processing,Retail Store,6,16,1,2481,7/6/2026,07/11/2026
Creatine Drive,Creatine,Fruit Punch,Delivered,Gym Partner,0.66,60,3,4403,11/1/2025,11/06/2025
Creatine Drive,Creatine,Blue Raspberry,Cancelled,Online Store,1.1,100,1,4098,1/2/2025,01/07/2025
Max Pre-Workout,Pre-Workout,Watermelon,Shipped,Retail Store,1.33,60,2,135,9/15/2025,09/19/2025
Mass Gainer Pro,Weight Gainer,Vanilla Custard,Cancelled,Retail Store,6,16,1,3718,2/1/2025,02/05/2025
Nitro Whey Concentrate,Protein Powder,Vanilla Ice Cream,Processing,Online Store,2,30,5,1603,8/15/2025,08/19/2025
Titan Weight Gainer,Weight Gainer,Double Chocolate,Delivered,Marketplace,6,16,5,2540,3/7/2025,03/09/2025
Nitro Whey Concentrate,Protein Powder,Vanilla Ice Cream,Processing,Retail Store,2,30,4,3670,10/18/2026,10/20/2026
Creatine Drive,Creatine,Blue Raspberry,Shipped,Retail Store,0.66,60,4,73,11/28/2026,12/07/2026
Plant Power Vegan,Protein Powder,Cookies & Cream,Shipped,Gym Partner,2,30,5,4617,1/10/2026,01/14/2026
Plant Power Vegan,Protein Powder,Unflavored,Delivered,Marketplace,5,75,1,823,6/6/2025,06/11/2025
Creatine Drive,Creatine,Blue Raspberry,Processing,Marketplace,2.2,200,2,281,4/7/2025,04/11/2025
Pre-Workout Ignition,Pre-Workout,Fruit Punch,Returned,Marketplace,1.33,60,3,3868,2/6/2025,02/09/2025
Nitro Whey Concentrate,Protein Powder,Vanilla Ice Cream,Returned,Gym Partner,2,30,5,3212,3/13/2026,03/22/2026
Mass Gainer Pro,Weight Gainer,Double Chocolate,Delivered,Marketplace,12,32,5,997,8/20/2026,08/28/2026
Titan Weight Gainer,Weight Gainer,Vanilla Custard,Returned,Gym Partner,12,32,5,2208,4/30/2026,05/03/2026
Max Pre-Workout,Pre-Workout,Sour Apple,Processing,Gym Partner,1,45,4,604,5/10/2026,05/14/2026
Creatine Drive,Creatine,Fruit Punch,Shipped,Online Store,2.2,200,5,1968,1/26/2026,01/29/2026
Whey Isolate Elite,Protein Powder,Vanilla Ice Cream,Returned,Online Store,2,30,5,2065,6/17/2025,06/19/2025
Titan Weight Gainer,Weight Gainer,Vanilla Custard,Cancelled,Online Store,12,32,5,2458,1/27/2026,01/29/2026
Mass Gainer Pro,Weight Gainer,Vanilla Custard,Shipped,Retail Store,12,32,5,2591,2/16/2026,02/23/2026
Titan Weight Gainer,Weight Gainer,Vanilla Custard,Returned,Gym Partner,6,16,1,4553,6/23/2025,06/25/2025
Mass Gainer Pro,Weight Gainer,Double Chocolate,Delivered,Marketplace,12,32,4,729,1/22/2026,01/29/2026
Plant Power Vegan,Protein Powder,Milk Chocolate,Delivered,Retail Store,5,75,5,3023,2/28/2025,03/04/2025
Creatine Monohydrate Pure,Creatine,Unflavored,Processing,Online Store,0.66,60,4,3105,12/10/2025,12/20/2025
Titan Weight Gainer,Weight Gainer,Vanilla Custard,Delivered,Marketplace,6,16,5,3658,5/23/2026,05/25/2026
Creatine Monohydrate Pure,Creatine,Unflavored,Returned,Gym Partner,0.66,60,2,3422,1/23/2025,02/01/2025
Pre-Workout Ignition,Pre-Workout,Watermelon,Shipped,Online Store,1,45,5,4228,8/19/2025,08/29/2025
Mass Gainer Pro,Weight Gainer,Vanilla Custard,Cancelled,Gym Partner,6,16,2,40,11/11/2026,11/14/2026
Max Pre-Workout,Pre-Workout,Watermelon,Returned,Marketplace,1.33,60,2,4577,2/26/2025,03/06/2025
Mass Gainer Pro,Weight Gainer,Double Chocolate,Returned,Gym Partner,6,16,1,2896,4/9/2025,04/12/2025
Mass Gainer Pro,Weight Gainer,Double Chocolate,Returned,Marketplace,6,16,1,4432,4/18/2026,04/24/2026
Plant Power Vegan,Protein Powder,Cookies & Cream,Processing,Online Store,2,30,5,1018,11/9/2025,11/19/2025
Whey Isolate Elite,Protein Powder,Cookies & Cream,Delivered,Gym Partner,5,75,5,1038,7/20/2025,07/27/2025
Pre-Workout Ignition,Pre-Workout,Sour Apple,Shipped,Retail Store,1.33,60,4,4363,3/20/2026,03/22/2026
Whey Isolate Elite,Protein Powder,Cookies & Cream,Shipped,Online Store,5,75,3,336,12/23/2026,12/27/2026
Titan Weight Gainer,Weight Gainer,Double Chocolate,Shipped,Online Store,12,32,3,3381,12/10/2026,12/14/2026
Nitro Whey Concentrate,Protein Powder,Unflavored,Processing,Retail Store,2,30,3,1197,4/14/2026,04/17/2026
Creatine Monohydrate Pure,Creatine,Fruit Punch,Cancelled,Gym Partner,1.1,100,3,4160,4/29/2025,05/04/2025
Creatine Monohydrate Pure,Creatine,Unflavored,Processing,Retail Store,2.2,200,3,1837,11/19/2025,11/21/2025
Plant Power Vegan,Protein Powder,Vanilla Ice Cream,Shipped,Retail Store,2,30,3,3753,11/14/2026,11/16/2026
Creatine Drive,Creatine,Blue Raspberry,Cancelled,Retail Store,2.2,200,1,4249,6/30/2026,07/07/2026
Plant Power Vegan,Protein Powder,Cookies & Cream,Delivered,Retail Store,5,75,3,4084,9/7/2026,09/13/2026
Nitro Whey Concentrate,Protein Powder,Milk Chocolate,Cancelled,Gym Partner,2,30,5,3361,6/14/2025,06/16/2025
Plant Power Vegan,Protein Powder,Vanilla Ice Cream,Processing,Retail Store,2,30,1,2094,2/19/2026,02/24/2026
Mass Gainer Pro,Weight Gainer,Vanilla Custard,Processing,Marketplace,12,32,2,2814,9/16/2025,09/20/2025
Plant Power Vegan,Protein Powder,Cookies & Cream,Shipped,Online Store,2,30,5,3846,3/5/2026,03/13/2026
Creatine Drive,Creatine,Blue Raspberry,Cancelled,Online Store,2.2,200,4,2878,12/14/2025,12/22/2025
Max Pre-Workout,Pre-Workout,Sour Apple,Returned,Marketplace,0.66,30,1,2387,3/29/2025,04/01/2025
Titan Weight Gainer,Weight Gainer,Double Chocolate,Shipped,Marketplace,12,32,1,4889,12/4/2025,12/06/2025
Pre-Workout Ignition,Pre-Workout,Fruit Punch,Cancelled,Marketplace,1.33,60,3,841,4/12/2026,04/17/2026
Mass Gainer Pro,Weight Gainer,Vanilla Custard,Delivered,Online Store,12,32,3,1305,7/31/2025,08/04/2025
Titan Weight Gainer,Weight Gainer,Double Chocolate,Delivered,Online Store,6,16,2,4908,5/17/2026,05/25/2026
Plant Power Vegan,Protein Powder,Cookies & Cream,Processing,Marketplace,5,75,1,364,9/30/2025,10/09/2025
Titan Weight Gainer,Weight Gainer,Vanilla Custard,Cancelled,Gym Partner,12,32,3,3355,6/14/2025,06/20/2025
Pre-Workout Ignition,Pre-Workout,Sour Apple,Returned,Retail Store,1,45,3,1490,7/12/2025,07/18/2025
Max Pre-Workout,Pre-Workout,Fruit Punch,Delivered,Marketplace,1,45,5,234,8/29/2025,09/02/2025
Whey Isolate Elite,Protein Powder,Unflavored,Delivered,Marketplace,2,30,4,4615,12/4/2026,12/10/2026
Plant Power Vegan,Protein Powder,Milk Chocolate,Delivered,Retail Store,2,30,3,1868,6/19/2026,06/28/2026
Max Pre-Workout,Pre-Workout,Sour Apple,Delivered,Marketplace,1,45,1,4583,7/1/2026,07/04/2026
Max Pre-Workout,Pre-Workout,Watermelon,Cancelled,Marketplace,1,45,2,2079,4/12/2025,04/17/2025
Creatine Monohydrate Pure,Creatine,Unflavored,Processing,Marketplace,2.2,200,5,1905,10/21/2025,10/31/2025
Plant Power Vegan,Protein Powder,Vanilla Ice Cream,Shipped,Marketplace,5,75,2,1006,2/25/2025,03/03/2025
Titan Weight Gainer,Weight Gainer,Double Chocolate,Cancelled,Gym Partner,6,16,1,1890,4/20/2025,04/25/2025
Nitro Whey Concentrate,Protein Powder,Cookies & Cream,Cancelled,Online Store,2,30,2,1767,9/5/2025,09/14/2025
Max Pre-Workout,Pre-Workout,Fruit Punch,Returned,Gym Partner,0.66,30,1,2083,5/2/2026,05/09/2026
Mass Gainer Pro,Weight Gainer,Vanilla Custard,Cancelled,Gym Partner,6,16,1,4100,9/29/2025,10/02/2025
Max Pre-Workout,Pre-Workout,Fruit Punch,Cancelled,Online Store,1.33,60,3,1315,12/26/2026,12/30/2026
Creatine Drive,Creatine,Fruit Punch,Delivered,Retail Store,1.1,100,5,291,7/29/2025,07/31/2025
Nitro Whey Concentrate,Protein Powder,Unflavored,Returned,Gym Partner,2,30,1,4832,12/26/2025,01/02/2026
Titan Weight Gainer,Weight Gainer,Double Chocolate,Shipped,Online Store,6,16,4,3550,12/22/2025,12/26/2025
Whey Isolate Elite,Protein Powder,Unflavored,Returned,Retail Store,5,75,5,4152,2/2/2025,02/08/2025
Whey Isolate Elite,Protein Powder,Vanilla Ice Cream,Shipped,Online Store,5,75,5,567,11/13/2026,11/20/2026
Creatine Monohydrate Pure,Creatine,Blue Raspberry,Delivered,Gym Partner,1.1,100,3,1057,7/19/2026,07/28/2026
Creatine Drive,Creatine,Fruit Punch,Processing,Retail Store,1.1,100,5,1204,8/9/2026,08/14/2026
Creatine Monohydrate Pure,Creatine,Fruit Punch,Delivered,Online Store,2.2,200,4,3522,5/12/2026,05/15/2026
Pre-Workout Ignition,Pre-Workout,Fruit Punch,Cancelled,Marketplace,1.33,60,5,2187,2/8/2026,02/12/2026
Titan Weight Gainer,Weight Gainer,Vanilla Custard,Cancelled,Gym Partner,12,32,3,4860,1/31/2025,02/09/2025
Max Pre-Workout,Pre-Workout,Fruit Punch,Processing,Marketplace,0.66,30,2,1599,1/7/2025,01/16/2025
Mass Gainer Pro,Weight Gainer,Vanilla Custard,Processing,Marketplace,6,16,2,4383,4/5/2025,04/15/2025
Pre-Workout Ignition,Pre-Workout,Fruit Punch,Cancelled,Marketplace,0.66,30,3,608,4/19/2025,04/27/2025
Plant Power Vegan,Protein Powder,Unflavored,Cancelled,Online Store,2,30,3,3408,10/7/2026,10/09/2026
Plant Power Vegan,Protein Powder,Vanilla Ice Cream,Processing,Marketplace,2,30,3,338,9/3/2025,09/06/2025
Creatine Drive,Creatine,Unflavored,Processing,Retail Store,2.2,200,4,13,12/4/2025,12/12/2025
Nitro Whey Concentrate,Protein Powder,Unflavored,Returned,Online Store,2,30,3,3049,1/7/2026,01/09/2026
Max Pre-Workout,Pre-Workout,Sour Apple,Returned,Gym Partner,0.66,30,5,4828,3/19/2026,03/21/2026
Nitro Whey Concentrate,Protein Powder,Milk Chocolate,Cancelled,Retail Store,5,75,4,4068,12/13/2026,12/21/2026
Nitro Whey Concentrate,Protein Powder,Vanilla Ice Cream,Cancelled,Retail Store,2,30,3,1088,10/31/2026,11/08/2026
Creatine Drive,Creatine,Unflavored,Shipped,Retail Store,2.2,200,3,4198,6/1/2025,06/04/2025
Nitro Whey Concentrate,Protein Powder,Unflavored,Cancelled,Retail Store,5,75,1,1169,3/5/2026,03/13/2026
Plant Power Vegan,Protein Powder,Milk Chocolate,Shipped,Gym Partner,5,75,1,1265,11/11/2025,11/21/2025
Max Pre-Workout,Pre-Workout,Sour Apple,Delivered,Gym Partner,0.66,30,5,2883,9/11/2025,09/20/2025
Whey Isolate Elite,Protein Powder,Milk Chocolate,Delivered,Gym Partner,5,75,3,3197,4/16/2025,04/26/2025
Mass Gainer Pro,Weight Gainer,Double Chocolate,Processing,Marketplace,12,32,2,560,1/13/2026,01/17/2026
Pre-Workout Ignition,Pre-Workout,Sour Apple,Returned,Gym Partner,1.33,60,1,3389,2/11/2026,02/19/2026
Max Pre-Workout,Pre-Workout,Watermelon,Delivered,Online Store,1,45,5,3747,11/8/2026,11/18/2026
Max Pre-Workout,Pre-Workout,Sour Apple,Cancelled,Online Store,1,45,4,1203,8/13/2025,08/21/2025
Titan Weight Gainer,Weight Gainer,Vanilla Custard,Processing,Gym Partner,6,16,2,1201,3/19/2025,03/21/2025
Nitro Whey Concentrate,Protein Powder,Vanilla Ice Cream,Cancelled,Retail Store,2,30,2,2803,6/4/2025,06/12/2025
Plant Power Vegan,Protein Powder,Unflavored,Processing,Retail Store,2,30,1,2534,6/10/2025,06/13/2025
Nitro Whey Concentrate,Protein Powder,Vanilla Ice Cream,Shipped,Online Store,2,30,1,4646,3/31/2026,04/10/2026
Creatine Drive,Creatine,Blue Raspberry,Delivered,Gym Partner,0.66,60,4,4230,9/9/2025,09/14/2025
Plant Power Vegan,Protein Powder,Vanilla Ice Cream,Shipped,Retail Store,5,75,2,3401,2/28/2025,03/06/2025
Creatine Monohydrate Pure,Creatine,Fruit Punch,Delivered,Gym Partner,2.2,200,3,2762,10/11/2026,10/20/2026
Whey Isolate Elite,Protein Powder,Vanilla Ice Cream,Delivered,Marketplace,5,75,1,3925,7/6/2026,07/13/2026
Creatine Drive,Creatine,Blue Raspberry,Processing,Retail Store,1.1,100,2,735,9/6/2026,09/09/2026
Creatine Drive,Creatine,Fruit Punch,Processing,Retail Store,0.66,60,5,165,10/6/2026,10/12/2026
Max Pre-Workout,Pre-Workout,Watermelon,Cancelled,Retail Store,1,45,5,1643,1/29/2025,02/06/2025
Mass Gainer Pro,Weight Gainer,Double Chocolate,Returned,Online Store,6,16,1,1779,2/22/2026,02/24/2026
Plant Power Vegan,Protein Powder,Unflavored,Processing,Retail Store,5,75,3,2748,9/9/2025,09/17/2025
Max Pre-Workout,Pre-Workout,Sour Apple,Shipped,Marketplace,1.33,60,1,4789,3/4/2026,03/09/2026
Whey Isolate Elite,Protein Powder,Cookies & Cream,Processing,Gym Partner,5,75,1,3396,5/22/2025,05/27/2025
Whey Isolate Elite,Protein Powder,Vanilla Ice Cream,Cancelled,Gym Partner,5,75,3,4164,11/29/2025,12/03/2025
Whey Isolate Elite,Protein Powder,Milk Chocolate,Delivered,Marketplace,2,30,4,516,3/8/2026,03/12/2026
Nitro Whey Concentrate,Protein Powder,Milk Chocolate,Delivered,Marketplace,5,75,5,4429,7/31/2026,08/06/2026
Pre-Workout Ignition,Pre-Workout,Watermelon,Shipped,Retail Store,1.33,60,1,3907,2/10/2025,02/18/2025
Mass Gainer Pro,Weight Gainer,Vanilla Custard,Shipped,Marketplace,6,16,2,3448,4/4/2026,04/14/2026
Whey Isolate Elite,Protein Powder,Vanilla Ice Cream,Returned,Online Store,2,30,1,501,5/5/2025,05/10/2025
Max Pre-Workout,Pre-Workout,Fruit Punch,Cancelled,Gym Partner,1,45,5,205,7/5/2025,07/08/2025
Max Pre-Workout,Pre-Workout,Fruit Punch,Delivered,Retail Store,0.66,30,1,2457,1/4/2026,01/11/2026
Pre-Workout Ignition,Pre-Workout,Fruit Punch,Processing,Gym Partner,1.33,60,3,3493,5/2/2026,05/09/2026
Max Pre-Workout,Pre-Workout,Fruit Punch,Processing,Gym Partner,1,45,2,1159,7/15/2025,07/25/2025
Nitro Whey Concentrate,Protein Powder,Vanilla Ice Cream,Shipped,Marketplace,2,30,1,2278,1/13/2026,01/19/2026
Max Pre-Workout,Pre-Workout,Sour Apple,Shipped,Online Store,1,45,1,3824,12/4/2025,12/10/2025
Creatine Drive,Creatine,Unflavored,Cancelled,Marketplace,2.2,200,2,4438,7/16/2026,07/21/2026
Plant Power Vegan,Protein Powder,Cookies & Cream,Shipped,Gym Partner,2,30,3,1328,1/28/2025,02/03/2025
Max Pre-Workout,Pre-Workout,Fruit Punch,Returned,Retail Store,1,45,3,2311,9/19/2026,09/21/2026
Pre-Workout Ignition,Pre-Workout,Watermelon,Cancelled,Gym Partner,0.66,30,4,280,1/24/2026,01/29/2026
Plant Power Vegan,Protein Powder,Cookies & Cream,Returned,Online Store,2,30,1,4414,10/25/2026,10/28/2026
Whey Isolate Elite,Protein Powder,Unflavored,Processing,Marketplace,2,30,4,1762,2/24/2025,03/03/2025
Nitro Whey Concentrate,Protein Powder,Vanilla Ice Cream,Returned,Retail Store,5,75,4,2354,9/16/2026,09/18/2026
Creatine Drive,Creatine,Blue Raspberry,Shipped,Marketplace,2.2,200,2,4186,3/18/2025,03/28/2025
Creatine Drive,Creatine,Fruit Punch,Shipped,Online Store,1.1,100,2,1003,7/11/2026,07/16/2026
Creatine Drive,Creatine,Unflavored,Processing,Gym Partner,2.2,200,3,3985,12/18/2025,12/20/2025
Creatine Drive,Creatine,Fruit Punch,Processing,Gym Partner,0.66,60,3,2711,4/23/2026,04/27/2026
Whey Isolate Elite,Protein Powder,Vanilla Ice Cream,Processing,Retail Store,2,30,2,4822,10/14/2025,10/23/2025
Creatine Drive,Creatine,Blue Raspberry,Cancelled,Online Store,2.2,200,4,2729,12/11/2026,12/19/2026
Pre-Workout Ignition,Pre-Workout,Watermelon,Delivered,Retail Store,0.66,30,4,4299,10/17/2025,10/21/2025
Whey Isolate Elite,Protein Powder,Milk Chocolate,Cancelled,Retail Store,5,75,4,2458,5/4/2026,05/06/2026
Max Pre-Workout,Pre-Workout,Fruit Punch,Delivered,Marketplace,0.66,30,1,4139,9/15/2026,09/20/2026
Titan Weight Gainer,Weight Gainer,Vanilla Custard,Returned,Marketplace,12,32,5,1536,5/21/2025,05/27/2025
Pre-Workout Ignition,Pre-Workout,Watermelon,Delivered,Online Store,1,45,1,4910,2/11/2026,02/17/2026
Max Pre-Workout,Pre-Workout,Sour Apple,Processing,Gym Partner,1,45,4,1300,10/11/2025,10/18/2025
Plant Power Vegan,Protein Powder,Unflavored,Processing,Online Store,2,30,5,3671,2/18/2026,02/20/2026
Creatine Drive,Creatine,Blue Raspberry,Delivered,Gym Partner,0.66,60,5,3729,2/17/2026,02/26/2026
Plant Power Vegan,Protein Powder,Milk Chocolate,Delivered,Marketplace,5,75,5,3481,8/1/2026,08/04/2026
Plant Power Vegan,Protein Powder,Vanilla Ice Cream,Returned,Online Store,5,75,3,2005,9/23/2026,09/29/2026
Plant Power Vegan,Protein Powder,Vanilla Ice Cream,Shipped,Marketplace,2,30,1,4649,8/30/2026,09/03/2026
Max Pre-Workout,Pre-Workout,Fruit Punch,Delivered,Marketplace,0.66,30,4,4995,11/3/2026,11/11/2026
Creatine Drive,Creatine,Blue Raspberry,Returned,Online Store,0.66,60,5,1549,7/7/2025,07/17/2025
Creatine Monohydrate Pure,Creatine,Fruit Punch,Delivered,Online Store,2.2,200,2,2884,6/17/2026,06/21/2026
Max Pre-Workout,Pre-Workout,Sour Apple,Shipped,Marketplace,1,45,3,3921,6/8/2025,06/11/2025
Max Pre-Workout,Pre-Workout,Watermelon,Delivered,Online Store,1,45,4,3457,9/19/2025,09/25/2025
Max Pre-Workout,Pre-Workout,Fruit Punch,Cancelled,Marketplace,1.33,60,2,35,12/15/2026,12/24/2026
Plant Power Vegan,Protein Powder,Cookies & Cream,Shipped,Online Store,2,30,5,407,11/10/2025,11/17/2025
Creatine Monohydrate Pure,Creatine,Fruit Punch,Processing,Marketplace,1.1,100,5,3285,6/1/2026,06/07/2026
Titan Weight Gainer,Weight Gainer,Vanilla Custard,Shipped,Retail Store,12,32,5,4810,3/19/2025,03/27/2025
Plant Power Vegan,Protein Powder,Cookies & Cream,Cancelled,Online Store,5,75,4,2323,3/27/2026,04/04/2026
Creatine Drive,Creatine,Fruit Punch,Returned,Marketplace,2.2,200,1,3381,7/14/2026,07/19/2026
Plant Power Vegan,Protein Powder,Vanilla Ice Cream,Delivered,Retail Store,5,75,5,371,4/8/2026,04/18/2026
Titan Weight Gainer,Weight Gainer,Vanilla Custard,Returned,Online Store,6,16,4,3851,11/15/2026,11/22/2026
Nitro Whey Concentrate,Protein Powder,Cookies & Cream,Processing,Gym Partner,5,75,2,4437,3/24/2026,04/03/2026
Whey Isolate Elite,Protein Powder,Unflavored,Shipped,Gym Partner,2,30,1,2637,6/30/2026,07/07/2026
Creatine Monohydrate Pure,Creatine,Unflavored,Returned,Gym Partner,1.1,100,2,4125,2/12/2025,02/17/2025
Pre-Workout Ignition,Pre-Workout,Fruit Punch,Delivered,Marketplace,0.66,30,3,1609,9/3/2026,09/06/2026
Plant Power Vegan,Protein Powder,Unflavored,Returned,Retail Store,2,30,4,491,4/19/2025,04/21/2025
Creatine Monohydrate Pure,Creatine,Fruit Punch,Shipped,Retail Store,1.1,100,5,669,3/14/2026,03/18/2026
Nitro Whey Concentrate,Protein Powder,Vanilla Ice Cream,Processing,Gym Partner,2,30,5,513,7/29/2026,08/08/2026
Nitro Whey Concentrate,Protein Powder,Cookies & Cream,Delivered,Retail Store,2,30,2,683,8/12/2026,08/17/2026
Mass Gainer Pro,Weight Gainer,Double Chocolate,Delivered,Marketplace,12,32,2,370,8/30/2026,09/08/2026
Creatine Drive,Creatine,Blue Raspberry,Cancelled,Retail Store,0.66,60,5,1780,1/8/2026,01/10/2026
Nitro Whey Concentrate,Protein Powder,Vanilla Ice Cream,Shipped,Retail Store,2,30,3,4037,12/1/2026,12/09/2026
Creatine Monohydrate Pure,Creatine,Fruit Punch,Cancelled,Retail Store,1.1,100,2,4874,5/9/2025,05/16/2025
Pre-Workout Ignition,Pre-Workout,Sour Apple,Delivered,Gym Partner,1.33,60,5,312,9/11/2026,09/21/2026
Max Pre-Workout,Pre-Workout,Sour Apple,Returned,Gym Partner,0.66,30,4,1361,10/29/2026,11/05/2026
Creatine Drive,Creatine,Fruit Punch,Cancelled,Marketplace,2.2,200,3,382,4/18/2026,04/25/2026
Whey Isolate Elite,Protein Powder,Unflavored,Shipped,Online Store,2,30,3,3900,2/22/2026,02/24/2026
Pre-Workout Ignition,Pre-Workout,Fruit Punch,Returned,Retail Store,1.33,60,5,3196,4/21/2025,04/27/2025
Pre-Workout Ignition,Pre-Workout,Watermelon,Returned,Gym Partner,1,45,2,1254,3/11/2025,03/19/2025
Nitro Whey Concentrate,Protein Powder,Unflavored,Shipped,Gym Partner,2,30,1,327,12/25/2026,12/27/2026
Whey Isolate Elite,Protein Powder,Vanilla Ice Cream,Shipped,Marketplace,5,75,4,4441,11/5/2026,11/14/2026
Creatine Monohydrate Pure,Creatine,Unflavored,Delivered,Retail Store,0.66,60,3,2225,12/10/2026,12/16/2026
Whey Isolate Elite,Protein Powder,Milk Chocolate,Shipped,Gym Partner,5,75,3,123,10/29/2025,11/06/2025
Mass Gainer Pro,Weight Gainer,Double Chocolate,Shipped,Online Store,6,16,5,4546,12/18/2026,12/22/2026
Mass Gainer Pro,Weight Gainer,Vanilla Custard,Processing,Marketplace,6,16,3,2504,7/21/2025,07/24/2025
Titan Weight Gainer,Weight Gainer,Vanilla Custard,Returned,Online Store,6,16,4,2327,10/14/2026,10/24/2026
Whey Isolate Elite,Protein Powder,Vanilla Ice Cream,Processing,Gym Partner,2,30,3,3400,1/30/2026,02/01/2026
Titan Weight Gainer,Weight Gainer,Double Chocolate,Returned,Gym Partner,6,16,3,3572,2/23/2026,02/28/2026
Creatine Monohydrate Pure,Creatine,Blue Raspberry,Delivered,Online Store,0.66,60,4,4136,5/3/2026,05/09/2026
Creatine Monohydrate Pure,Creatine,Fruit Punch,Cancelled,Gym Partner,0.66,60,1,1596,10/8/2026,10/13/2026
Creatine Monohydrate Pure,Creatine,Unflavored,Processing,Marketplace,0.66,60,1,4900,12/13/2025,12/20/2025
Mass Gainer Pro,Weight Gainer,Vanilla Custard,Returned,Online Store,12,32,1,1325,11/14/2025,11/22/2025
Titan Weight Gainer,Weight Gainer,Vanilla Custard,Delivered,Marketplace,6,16,5,835,10/26/2025,11/03/2025
Max Pre-Workout,Pre-Workout,Sour Apple,Processing,Online Store,1.33,60,2,4692,2/11/2026,02/18/2026
Creatine Monohydrate Pure,Creatine,Fruit Punch,Returned,Retail Store,0.66,60,5,179,10/15/2026,10/23/2026
Plant Power Vegan,Protein Powder,Milk Chocolate,Shipped,Marketplace,2,30,4,2412,4/2/2025,04/09/2025
Pre-Workout Ignition,Pre-Workout,Sour Apple,Processing,Gym Partner,1.33,60,2,421,9/23/2025,09/27/2025
Pre-Workout Ignition,Pre-Workout,Sour Apple,Processing,Gym Partner,1.33,60,3,1296,3/25/2026,03/27/2026
Mass Gainer Pro,Weight Gainer,Double Chocolate,Shipped,Online Store,6,16,2,1912,1/14/2025,01/24/2025
Pre-Workout Ignition,Pre-Workout,Sour Apple,Shipped,Retail Store,1,45,5,841,5/18/2025,05/22/2025
Max Pre-Workout,Pre-Workout,Fruit Punch,Returned,Marketplace,1.33,60,5,2684,2/3/2026,02/09/2026
Creatine Drive,Creatine,Blue Raspberry,Cancelled,Retail Store,2.2,200,1,2326,6/19/2026,06/22/2026
Mass Gainer Pro,Weight Gainer,Vanilla Custard,Shipped,Online Store,6,16,5,2378,3/12/2026,03/17/2026
Creatine Monohydrate Pure,Creatine,Unflavored,Cancelled,Gym Partner,0.66,60,4,360,6/6/2025,06/10/2025
Pre-Workout Ignition,Pre-Workout,Fruit Punch,Processing,Marketplace,1.33,60,1,3063,2/13/2025,02/20/2025
Pre-Workout Ignition,Pre-Workout,Sour Apple,Processing,Marketplace,1.33,60,1,4807,4/26/2025,04/29/2025
Mass Gainer Pro,Weight Gainer,Double Chocolate,Returned,Gym Partner,6,16,5,4667,2/13/2026,02/19/2026
Nitro Whey Concentrate,Protein Powder,Milk Chocolate,Processing,Marketplace,5,75,3,1549,8/24/2025,08/29/2025
Creatine Drive,Creatine,Blue Raspberry,Shipped,Marketplace,2.2,200,5,2325,11/28/2026,12/01/2026
Creatine Drive,Creatine,Blue Raspberry,Processing,Online Store,2.2,200,1,4944,12/11/2025,12/17/2025
Max Pre-Workout,Pre-Workout,Watermelon,Delivered,Retail Store,1.33,60,1,4527,4/13/2025,04/21/2025
Creatine Drive,Creatine,Unflavored,Cancelled,Gym Partner,1.1,100,5,2989,10/18/2026,10/23/2026
Pre-Workout Ignition,Pre-Workout,Watermelon,Delivered,Marketplace,1,45,4,3522,6/25/2026,07/05/2026
Whey Isolate Elite,Protein Powder,Cookies & Cream,Processing,Marketplace,2,30,1,1538,8/16/2025,08/19/2025
Nitro Whey Concentrate,Protein Powder,Milk Chocolate,Shipped,Retail Store,2,30,5,1024,9/28/2025,10/08/2025
Nitro Whey Concentrate,Protein Powder,Unflavored,Processing,Retail Store,2,30,2,1029,3/25/2025,04/02/2025
Creatine Monohydrate Pure,Creatine,Blue Raspberry,Returned,Online Store,1.1,100,4,847,2/16/2026,02/19/2026
Creatine Drive,Creatine,Blue Raspberry,Shipped,Marketplace,2.2,200,3,1460,10/1/2025,10/11/2025
Mass Gainer Pro,Weight Gainer,Double Chocolate,Returned,Gym Partner,12,32,1,4667,2/14/2026,02/19/2026
Titan Weight Gainer,Weight Gainer,Vanilla Custard,Returned,Gym Partner,12,32,4,2549,12/28/2025,01/03/2026
Whey Isolate Elite,Protein Powder,Cookies & Cream,Cancelled,Online Store,5,75,1,2832,9/17/2025,09/25/2025
Mass Gainer Pro,Weight Gainer,Vanilla Custard,Processing,Marketplace,12,32,2,2657,2/2/2026,02/04/2026
Creatine Monohydrate Pure,Creatine,Blue Raspberry,Delivered,Retail Store,1.1,100,4,2510,12/18/2026,12/28/2026
Mass Gainer Pro,Weight Gainer,Double Chocolate,Returned,Online Store,6,16,2,2145,7/13/2026,07/23/2026
Pre-Workout Ignition,Pre-Workout,Sour Apple,Shipped,Retail Store,1,45,5,4823,8/27/2025,08/31/2025
Creatine Drive,Creatine,Fruit Punch,Processing,Marketplace,1.1,100,2,3781,8/21/2025,08/28/2025
Plant Power Vegan,Protein Powder,Cookies & Cream,Processing,Retail Store,2,30,1,301,2/11/2026,02/16/2026
Max Pre-Workout,Pre-Workout,Fruit Punch,Cancelled,Gym Partner,1.33,60,5,2778,1/17/2025,01/19/2025
Titan Weight Gainer,Weight Gainer,Double Chocolate,Processing,Gym Partner,12,32,4,1269,8/22/2026,08/24/2026
Creatine Drive,Creatine,Unflavored,Processing,Online Store,2.2,200,5,285,5/11/2026,05/20/2026
Creatine Drive,Creatine,Blue Raspberry,Delivered,Marketplace,2.2,200,1,2850,6/18/2026,06/27/2026
Mass Gainer Pro,Weight Gainer,Vanilla Custard,Cancelled,Gym Partner,6,16,4,1570,6/16/2026,06/19/2026
Pre-Workout Ignition,Pre-Workout,Fruit Punch,Cancelled,Gym Partner,1,45,4,4490,5/7/2026,05/12/2026
Whey Isolate Elite,Protein Powder,Milk Chocolate,Shipped,Gym Partner,5,75,3,4028,7/5/2025,07/11/2025
Creatine Drive,Creatine,Blue Raspberry,Returned,Online Store,1.1,100,3,1345,1/22/2025,01/31/2025
Max Pre-Workout,Pre-Workout,Sour Apple,Cancelled,Gym Partner,0.66,30,4,810,11/1/2026,11/05/2026
Whey Isolate Elite,Protein Powder,Vanilla Ice Cream,Delivered,Marketplace,2,30,2,679,5/12/2026,05/22/2026
Plant Power Vegan,Protein Powder,Unflavored,Cancelled,Retail Store,2,30,4,3687,6/22/2026,07/02/2026
Mass Gainer Pro,Weight Gainer,Double Chocolate,Processing,Marketplace,12,32,2,3511,1/25/2026,02/04/2026
Max Pre-Workout,Pre-Workout,Watermelon,Delivered,Gym Partner,1,45,2,3534,9/22/2026,09/26/2026
Pre-Workout Ignition,Pre-Workout,Sour Apple,Processing,Retail Store,1.33,60,5,3689,7/3/2026,07/12/2026
Whey Isolate Elite,Protein Powder,Milk Chocolate,Shipped,Online Store,5,75,4,4069,6/16/2026,06/19/2026
Nitro Whey Concentrate,Protein Powder,Milk Chocolate,Shipped,Gym Partner,5,75,3,2130,3/2/2026,03/07/2026
Creatine Drive,Creatine,Unflavored,Returned,Online Store,2.2,200,5,1920,4/18/2026,04/22/2026
Creatine Drive,Creatine,Fruit Punch,Processing,Online Store,1.1,100,1,738,10/13/2026,10/15/2026
Titan Weight Gainer,Weight Gainer,Double Chocolate,Shipped,Online Store,12,32,3,3419,6/25/2026,07/03/2026
Whey Isolate Elite,Protein Powder,Unflavored,Shipped,Retail Store,5,75,5,4913,9/22/2025,09/26/2025
Mass Gainer Pro,Weight Gainer,Vanilla Custard,Cancelled,Gym Partner,6,16,3,3161,11/24/2026,12/01/2026
Titan Weight Gainer,Weight Gainer,Vanilla Custard,Delivered,Online Store,12,32,4,1232,10/25/2026,10/28/2026
Mass Gainer Pro,Weight Gainer,Vanilla Custard,Processing,Online Store,6,16,2,3323,2/21/2026,03/02/2026
Mass Gainer Pro,Weight Gainer,Vanilla Custard,Cancelled,Marketplace,12,32,3,179,6/22/2026,06/30/2026
Pre-Workout Ignition,Pre-Workout,Watermelon,Returned,Retail Store,1.33,60,1,3569,8/18/2025,08/28/2025
Pre-Workout Ignition,Pre-Workout,Watermelon,Processing,Retail Store,1,45,1,1991,6/23/2025,07/03/2025
Nitro Whey Concentrate,Protein Powder,Unflavored,Shipped,Retail Store,2,30,3,4430,1/23/2025,01/25/2025
Whey Isolate Elite,Protein Powder,Milk Chocolate,Delivered,Marketplace,2,30,4,4518,6/16/2025,06/23/2025
Nitro Whey Concentrate,Protein Powder,Cookies & Cream,Delivered,Gym Partner,2,30,1,1005,1/2/2025,01/12/2025
Max Pre-Workout,Pre-Workout,Sour Apple,Processing,Marketplace,1.33,60,1,513,10/29/2025,11/05/2025
Plant Power Vegan,Protein Powder,Unflavored,Processing,Gym Partner,5,75,5,1220,9/26/2026,09/28/2026
Creatine Monohydrate Pure,Creatine,Blue Raspberry,Processing,Gym Partner,1.1,100,4,1955,4/18/2025,04/22/2025
Max Pre-Workout,Pre-Workout,Fruit Punch,Delivered,Gym Partner,1,45,1,3106,1/8/2025,01/14/2025
Plant Power Vegan,Protein Powder,Milk Chocolate,Delivered,Retail Store,5,75,5,1753,1/1/2025,01/08/2025
Creatine Drive,Creatine,Fruit Punch,Processing,Retail Store,0.66,60,5,349,8/8/2025,08/16/2025
Pre-Workout Ignition,Pre-Workout,Fruit Punch,Cancelled,Retail Store,0.66,30,4,303,6/17/2026,06/21/2026
Creatine Monohydrate Pure,Creatine,Fruit Punch,Shipped,Gym Partner,0.66,60,5,3747,5/18/2025,05/22/2025
Creatine Monohydrate Pure,Creatine,Blue Raspberry,Shipped,Gym Partner,1.1,100,1,1684,4/17/2025,04/24/2025
Whey Isolate Elite,Protein Powder,Milk Chocolate,Processing,Gym Partner,5,75,5,2663,9/13/2026,09/17/2026
Plant Power Vegan,Protein Powder,Unflavored,Returned,Marketplace,2,30,4,3416,2/22/2025,02/26/2025
Nitro Whey Concentrate,Protein Powder,Vanilla Ice Cream,Cancelled,Marketplace,2,30,3,3238,12/2/2026,12/12/2026
Creatine Drive,Creatine,Blue Raspberry,Processing,Online Store,2.2,200,4,3168,4/19/2025,04/25/2025
Max Pre-Workout,Pre-Workout,Sour Apple,Processing,Gym Partner,1,45,1,3809,12/27/2026,01/01/2027
Creatine Monohydrate Pure,Creatine,Unflavored,Cancelled,Marketplace,1.1,100,5,3957,5/10/2025,05/14/2025
Creatine Drive,Creatine,Fruit Punch,Cancelled,Online Store,1.1,100,2,3361,4/24/2025,05/04/2025
Creatine Monohydrate Pure,Creatine,Unflavored,Processing,Marketplace,1.1,100,5,2142,11/22/2026,11/26/2026
Titan Weight Gainer,Weight Gainer,Vanilla Custard,Processing,Marketplace,6,16,1,2772,8/14/2025,08/21/2025
Whey Isolate Elite,Protein Powder,Milk Chocolate,Delivered,Online Store,5,75,4,4773,3/25/2026,04/04/2026
Mass Gainer Pro,Weight Gainer,Vanilla Custard,Returned,Gym Partner,6,16,3,3496,6/15/2025,06/22/2025
Max Pre-Workout,Pre-Workout,Fruit Punch,Delivered,Retail Store,0.66,30,2,2389,7/2/2026,07/07/2026
Creatine Monohydrate Pure,Creatine,Fruit Punch,Cancelled,Online Store,1.1,100,1,1378,3/25/2026,03/29/2026
Creatine Drive,Creatine,Fruit Punch,Processing,Gym Partner,1.1,100,2,614,9/14/2025,09/16/2025
Creatine Drive,Creatine,Fruit Punch,Shipped,Online Store,2.2,200,5,4916,7/7/2025,07/15/2025
Titan Weight Gainer,Weight Gainer,Double Chocolate,Delivered,Marketplace,12,32,3,1010,12/28/2025,01/06/2026
Creatine Monohydrate Pure,Creatine,Fruit Punch,Cancelled,Gym Partner,0.66,60,1,2085,7/13/2026,07/20/2026
Max Pre-Workout,Pre-Workout,Watermelon,Cancelled,Gym Partner,0.66,30,4,3639,1/9/2026,01/19/2026
Titan Weight Gainer,Weight Gainer,Double Chocolate,Shipped,Marketplace,6,16,4,2581,2/23/2025,02/28/2025
Whey Isolate Elite,Protein Powder,Vanilla Ice Cream,Processing,Marketplace,5,75,2,3385,1/14/2026,01/19/2026
Plant Power Vegan,Protein Powder,Milk Chocolate,Returned,Marketplace,5,75,4,2182,8/17/2025,08/27/2025
Titan Weight Gainer,Weight Gainer,Double Chocolate,Returned,Marketplace,6,16,5,793,1/13/2026,01/18/2026
Max Pre-Workout,Pre-Workout,Sour Apple,Processing,Online Store,0.66,30,1,3561,6/30/2026,07/03/2026
Mass Gainer Pro,Weight Gainer,Vanilla Custard,Cancelled,Online Store,6,16,3,4310,11/21/2026,11/29/2026
Creatine Monohydrate Pure,Creatine,Fruit Punch,Cancelled,Retail Store,0.66,60,3,2855,1/27/2025,02/06/2025
Pre-Workout Ignition,Pre-Workout,Fruit Punch,Delivered,Marketplace,0.66,30,1,838,3/28/2025,04/07/2025
Mass Gainer Pro,Weight Gainer,Vanilla Custard,Returned,Online Store,12,32,2,4651,5/29/2025,06/07/2025
Mass Gainer Pro,Weight Gainer,Vanilla Custard,Cancelled,Marketplace,12,32,1,1629,1/10/2025,01/15/2025
Creatine Drive,Creatine,Blue Raspberry,Delivered,Marketplace,2.2,200,2,135,8/20/2026,08/27/2026
Mass Gainer Pro,Weight Gainer,Vanilla Custard,Returned,Marketplace,12,32,5,4862,6/3/2026,06/10/2026
Titan Weight Gainer,Weight Gainer,Double Chocolate,Cancelled,Retail Store,6,16,2,1272,6/1/2025,06/09/2025
Plant Power Vegan,Protein Powder,Unflavored,Cancelled,Marketplace,5,75,3,335,12/14/2025,12/20/2025
Nitro Whey Concentrate,Protein Powder,Unflavored,Processing,Gym Partner,2,30,5,4289,8/20/2026,08/29/2026
Titan Weight Gainer,Weight Gainer,Double Chocolate,Returned,Marketplace,12,32,4,2765,4/8/2026,04/14/2026
Creatine Monohydrate Pure,Creatine,Unflavored,Processing,Gym Partner,1.1,100,5,826,10/29/2026,11/01/2026
Nitro Whey Concentrate,Protein Powder,Cookies & Cream,Processing,Online Store,5,75,1,1405,8/11/2025,08/15/2025
Creatine Drive,Creatine,Blue Raspberry,Processing,Online Store,0.66,60,3,2496,10/15/2026,10/20/2026
Creatine Monohydrate Pure,Creatine,Fruit Punch,Cancelled,Gym Partner,1.1,100,1,594,1/8/2025,01/11/2025
Mass Gainer Pro,Weight Gainer,Double Chocolate,Delivered,Retail Store,12,32,5,2137,3/20/2026,03/30/2026
Creatine Drive,Creatine,Unflavored,Returned,Online Store,0.66,60,4,1218,7/15/2026,07/17/2026
Titan Weight Gainer,Weight Gainer,Vanilla Custard,Delivered,Retail Store,12,32,1,4503,10/10/2025,10/13/2025
Nitro Whey Concentrate,Protein Powder,Unflavored,Shipped,Online Store,5,75,4,1747,3/31/2026,04/09/2026
Max Pre-Workout,Pre-Workout,Sour Apple,Processing,Retail Store,1.33,60,4,4382,1/27/2025,02/03/2025
Titan Weight Gainer,Weight Gainer,Vanilla Custard,Shipped,Gym Partner,6,16,2,4974,7/1/2025,07/06/2025
Titan Weight Gainer,Weight Gainer,Vanilla Custard,Delivered,Marketplace,12,32,2,2074,11/28/2025,12/05/2025
Creatine Monohydrate Pure,Creatine,Fruit Punch,Cancelled,Gym Partner,1.1,100,5,4485,9/12/2026,09/15/2026
Creatine Drive,Creatine,Blue Raspberry,Processing,Retail Store,2.2,200,2,4951,8/31/2025,09/06/2025
Creatine Drive,Creatine,Blue Raspberry,Processing,Gym Partner,0.66,60,2,140,4/26/2025,05/05/2025
Mass Gainer Pro,Weight Gainer,Vanilla Custard,Delivered,Gym Partner,12,32,3,51,8/29/2026,09/07/2026
Mass Gainer Pro,Weight Gainer,Double Chocolate,Returned,Marketplace,6,16,1,1620,10/29/2025,11/04/2025
Creatine Drive,Creatine,Fruit Punch,Returned,Marketplace,2.2,200,5,4642,3/8/2026,03/17/2026
Plant Power Vegan,Protein Powder,Milk Chocolate,Delivered,Retail Store,2,30,2,1754,7/21/2025,07/28/2025
Plant Power Vegan,Protein Powder,Milk Chocolate,Cancelled,Online Store,2,30,4,4217,3/23/2025,03/26/2025
Titan Weight Gainer,Weight Gainer,Double Chocolate,Cancelled,Retail Store,12,32,5,2954,8/21/2025,08/23/2025
Max Pre-Workout,Pre-Workout,Sour Apple,Processing,Online Store,0.66,30,1,1956,8/17/2025,08/25/2025
Plant Power Vegan,Protein Powder,Milk Chocolate,Cancelled,Retail Store,2,30,1,1408,3/9/2025,03/16/2025
Creatine Monohydrate Pure,Creatine,Blue Raspberry,Delivered,Online Store,1.1,100,4,4208,4/12/2026,04/19/2026
Max Pre-Workout,Pre-Workout,Watermelon,Cancelled,Marketplace,1,45,1,2567,8/25/2025,08/31/2025
Whey Isolate Elite,Protein Powder,Milk Chocolate,Returned,Marketplace,2,30,4,4819,2/25/2025,02/27/2025
Titan Weight Gainer,Weight Gainer,Vanilla Custard,Delivered,Online Store,12,32,2,2068,7/2/2026,07/11/2026
Whey Isolate Elite,Protein Powder,Vanilla Ice Cream,Processing,Marketplace,2,30,3,3315,3/6/2025,03/13/2025
Whey Isolate Elite,Protein Powder,Milk Chocolate,Processing,Marketplace,5,75,4,694,11/11/2025,11/16/2025
Pre-Workout Ignition,Pre-Workout,Watermelon,Processing,Online Store,0.66,30,4,1515,11/2/2026,11/05/2026
Max Pre-Workout,Pre-Workout,Sour Apple,Delivered,Gym Partner,1,45,3,3598,2/14/2025,02/22/2025
Max Pre-Workout,Pre-Workout,Sour Apple,Processing,Online Store,0.66,30,1,1642,9/5/2025,09/09/2025
Titan Weight Gainer,Weight Gainer,Double Chocolate,Processing,Retail Store,6,16,3,2382,9/25/2026,10/04/2026
Nitro Whey Concentrate,Protein Powder,Cookies & Cream,Processing,Marketplace,5,75,3,3741,11/26/2025,11/30/2025
Creatine Drive,Creatine,Unflavored,Shipped,Retail Store,2.2,200,1,1637,6/27/2026,06/29/2026
Whey Isolate Elite,Protein Powder,Milk Chocolate,Processing,Gym Partner,5,75,4,1110,6/5/2025,06/09/2025
Whey Isolate Elite,Protein Powder,Milk Chocolate,Delivered,Marketplace,2,30,4,2300,11/10/2026,11/15/2026
Mass Gainer Pro,Weight Gainer,Double Chocolate,Returned,Online Store,6,16,2,4267,4/21/2025,05/01/2025
Whey Isolate Elite,Protein Powder,Unflavored,Shipped,Gym Partner,2,30,2,108,11/20/2026,11/30/2026
Titan Weight Gainer,Weight Gainer,Double Chocolate,Returned,Gym Partner,12,32,3,2349,12/7/2025,12/11/2025
Creatine Drive,Creatine,Fruit Punch,Shipped,Gym Partner,1.1,100,2,3740,2/18/2025,02/28/2025
Max Pre-Workout,Pre-Workout,Watermelon,Delivered,Retail Store,1,45,4,2443,2/20/2025,02/23/2025
Creatine Monohydrate Pure,Creatine,Unflavored,Shipped,Gym Partner,2.2,200,4,1374,6/1/2026,06/07/2026
Plant Power Vegan,Protein Powder,Unflavored,Cancelled,Online Store,5,75,1,387,10/25/2026,11/03/2026
Plant Power Vegan,Protein Powder,Unflavored,Processing,Marketplace,5,75,5,771,12/3/2026,12/07/2026
Max Pre-Workout,Pre-Workout,Fruit Punch,Processing,Retail Store,1,45,4,4541,4/9/2026,04/14/2026
Titan Weight Gainer,Weight Gainer,Double Chocolate,Cancelled,Online Store,12,32,1,4388,5/13/2025,05/21/2025
Creatine Drive,Creatine,Blue Raspberry,Shipped,Marketplace,0.66,60,1,4227,4/7/2025,04/14/2025
Plant Power Vegan,Protein Powder,Unflavored,Processing,Marketplace,5,75,4,1037,2/19/2026,02/24/2026
Nitro Whey Concentrate,Protein Powder,Milk Chocolate,Delivered,Online Store,5,75,3,4437,9/28/2026,10/08/2026
Nitro Whey Concentrate,Protein Powder,Vanilla Ice Cream,Returned,Gym Partner,5,75,1,4696,8/2/2026,08/08/2026
Mass Gainer Pro,Weight Gainer,Vanilla Custard,Cancelled,Online Store,6,16,1,2151,3/9/2026,03/18/2026
Plant Power Vegan,Protein Powder,Cookies & Cream,Processing,Gym Partner,2,30,3,3386,8/19/2026,08/26/2026
Plant Power Vegan,Protein Powder,Milk Chocolate,Delivered,Retail Store,5,75,4,4930,7/4/2025,07/10/2025
Pre-Workout Ignition,Pre-Workout,Fruit Punch,Returned,Marketplace,0.66,30,3,3458,12/12/2025,12/19/2025
Plant Power Vegan,Protein Powder,Milk Chocolate,Delivered,Marketplace,2,30,3,4161,6/30/2025,07/03/2025
Plant Power Vegan,Protein Powder,Vanilla Ice Cream,Cancelled,Online Store,5,75,1,1724,6/17/2026,06/20/2026
Max Pre-Workout,Pre-Workout,Sour Apple,Delivered,Online Store,1,45,2,1780,5/23/2025,05/25/2025
Whey Isolate Elite,Protein Powder,Cookies & Cream,Delivered,Retail Store,2,30,2,4877,1/4/2026,01/13/2026
Titan Weight Gainer,Weight Gainer,Double Chocolate,Cancelled,Retail Store,6,16,3,4119,10/13/2026,10/16/2026
Nitro Whey Concentrate,Protein Powder,Milk Chocolate,Delivered,Retail Store,2,30,2,2899,12/26/2025,01/01/2026
Titan Weight Gainer,Weight Gainer,Vanilla Custard,Returned,Retail Store,12,32,3,3667,1/11/2026,01/21/2026
Plant Power Vegan,Protein Powder,Vanilla Ice Cream,Cancelled,Gym Partner,2,30,5,2165,6/19/2026,06/21/2026
Mass Gainer Pro,Weight Gainer,Vanilla Custard,Returned,Marketplace,12,32,2,4936,8/19/2026,08/29/2026
Titan Weight Gainer,Weight Gainer,Vanilla Custard,Processing,Retail Store,12,32,1,3675,7/9/2026,07/11/2026
Creatine Monohydrate Pure,Creatine,Blue Raspberry,Shipped,Gym Partner,2.2,200,4,43,4/3/2025,04/13/2025
Pre-Workout Ignition,Pre-Workout,Fruit Punch,Cancelled,Retail Store,1.33,60,5,2719,2/23/2025,02/26/2025
Mass Gainer Pro,Weight Gainer,Double Chocolate,Delivered,Gym Partner,6,16,1,743,9/10/2025,09/18/2025
Mass Gainer Pro,Weight Gainer,Vanilla Custard,Delivered,Gym Partner,12,32,2,2713,6/20/2025,06/22/2025
Creatine Drive,Creatine,Fruit Punch,Cancelled,Retail Store,2.2,200,1,2159,5/22/2026,05/25/2026
Titan Weight Gainer,Weight Gainer,Double Chocolate,Processing,Online Store,12,32,5,1411,7/22/2025,08/01/2025
Plant Power Vegan,Protein Powder,Vanilla Ice Cream,Delivered,Gym Partner,2,30,5,3540,5/16/2026,05/20/2026
Max Pre-Workout,Pre-Workout,Sour Apple,Cancelled,Marketplace,0.66,30,1,588,11/28/2026,12/02/2026
Pre-Workout Ignition,Pre-Workout,Fruit Punch,Delivered,Online Store,0.66,30,1,1953,5/31/2026,06/09/2026
Titan Weight Gainer,Weight Gainer,Vanilla Custard,Processing,Online Store,12,32,4,2688,2/9/2026,02/17/2026
Creatine Monohydrate Pure,Creatine,Fruit Punch,Delivered,Retail Store,0.66,60,2,2014,5/18/2025,05/26/2025
Titan Weight Gainer,Weight Gainer,Vanilla Custard,Processing,Marketplace,12,32,5,84,2/21/2025,02/25/2025
Nitro Whey Concentrate,Protein Powder,Vanilla Ice Cream,Returned,Gym Partner,5,75,2,966,7/24/2026,08/03/2026
Pre-Workout Ignition,Pre-Workout,Watermelon,Cancelled,Gym Partner,0.66,30,2,4556,7/10/2026,07/18/2026
Plant Power Vegan,Protein Powder,Unflavored,Returned,Marketplace,2,30,2,186,3/3/2025,03/12/2025
Nitro Whey Concentrate,Protein Powder,Milk Chocolate,Shipped,Retail Store,5,75,5,206,7/14/2025,07/18/2025
Creatine Drive,Creatine,Fruit Punch,Returned,Online Store,2.2,200,5,2207,3/14/2026,03/16/2026
Max Pre-Workout,Pre-Workout,Fruit Punch,Shipped,Gym Partner,1.33,60,5,3844,8/5/2025,08/13/2025
Creatine Drive,Creatine,Fruit Punch,Shipped,Retail Store,1.1,100,5,1462,3/24/2026,03/29/2026
Nitro Whey Concentrate,Protein Powder,Vanilla Ice Cream,Processing,Online Store,5,75,5,1999,8/26/2026,09/05/2026
Nitro Whey Concentrate,Protein Powder,Unflavored,Returned,Marketplace,2,30,1,492,12/9/2026,12/11/2026
Max Pre-Workout,Pre-Workout,Sour Apple,Returned,Gym Partner,1.33,60,4,4452,7/28/2025,08/07/2025
Whey Isolate Elite,Protein Powder,Milk Chocolate,Cancelled,Gym Partner,2,30,5,1147,6/4/2025,06/12/2025
Creatine Drive,Creatine,Unflavored,Delivered,Gym Partner,2.2,200,4,4167,1/31/2025,02/04/2025
Mass Gainer Pro,Weight Gainer,Double Chocolate,Cancelled,Online Store,6,16,3,851,6/2/2026,06/07/2026
Max Pre-Workout,Pre-Workout,Fruit Punch,Returned,Retail Store,1.33,60,3,3357,6/12/2025,06/18/2025
Whey Isolate Elite,Protein Powder,Unflavored,Cancelled,Gym Partner,5,75,4,62,1/18/2026,01/27/2026
Max Pre-Workout,Pre-Workout,Sour Apple,Returned,Online Store,0.66,30,3,3334,9/5/2026,09/13/2026
Pre-Workout Ignition,Pre-Workout,Sour Apple,Processing,Gym Partner,0.66,30,1,1280,11/19/2026,11/21/2026
Creatine Monohydrate Pure,Creatine,Fruit Punch,Shipped,Gym Partner,2.2,200,4,1264,1/10/2026,01/17/2026
Nitro Whey Concentrate,Protein Powder,Unflavored,Processing,Gym Partner,5,75,1,1488,3/30/2026,04/05/2026
Max Pre-Workout,Pre-Workout,Watermelon,Cancelled,Marketplace,1.33,60,2,4777,5/26/2025,05/30/2025
Mass Gainer Pro,Weight Gainer,Vanilla Custard,Cancelled,Gym Partner,12,32,3,813,5/23/2025,05/27/2025
Plant Power Vegan,Protein Powder,Unflavored,Cancelled,Marketplace,2,30,2,615,4/8/2026,04/18/2026
Creatine Drive,Creatine,Blue Raspberry,Delivered,Retail Store,2.2,200,2,1986,12/13/2026,12/17/2026
Max Pre-Workout,Pre-Workout,Sour Apple,Delivered,Online Store,1,45,5,406,9/17/2025,09/21/2025
Mass Gainer Pro,Weight Gainer,Vanilla Custard,Cancelled,Marketplace,12,32,2,4523,3/11/2025,03/19/2025
Creatine Drive,Creatine,Unflavored,Cancelled,Gym Partner,0.66,60,1,4750,2/15/2026,02/25/2026
Titan Weight Gainer,Weight Gainer,Vanilla Custard,Delivered,Marketplace,12,32,4,4866,1/26/2025,02/05/2025
Whey Isolate Elite,Protein Powder,Cookies & Cream,Shipped,Marketplace,5,75,5,406,1/28/2026,02/02/2026
Titan Weight Gainer,Weight Gainer,Double Chocolate,Processing,Retail Store,6,16,5,3792,7/24/2025,07/30/2025
Nitro Whey Concentrate,Protein Powder,Cookies & Cream,Cancelled,Marketplace,5,75,5,4955,12/19/2025,12/29/2025
Creatine Drive,Creatine,Unflavored,Shipped,Retail Store,1.1,100,5,4508,10/4/2025,10/13/2025
Plant Power Vegan,Protein Powder,Vanilla Ice Cream,Delivered,Gym Partner,5,75,4,897,11/23/2025,12/02/2025
Mass Gainer Pro,Weight Gainer,Vanilla Custard,Delivered,Retail Store,6,16,3,2775,6/14/2025,06/22/2025
Pre-Workout Ignition,Pre-Workout,Watermelon,Returned,Marketplace,1.33,60,3,4318,12/9/2025,12/14/2025
Creatine Drive,Creatine,Fruit Punch,Delivered,Retail Store,0.66,60,1,649,10/10/2026,10/17/2026
Plant Power Vegan,Protein Powder,Unflavored,Returned,Marketplace,2,30,2,2273,3/27/2026,03/31/2026
Creatine Drive,Creatine,Unflavored,Shipped,Marketplace,2.2,200,3,1811,6/23/2026,06/28/2026
Nitro Whey Concentrate,Protein Powder,Cookies & Cream,Cancelled,Online Store,2,30,4,831,6/28/2026,07/06/2026
Creatine Monohydrate Pure,Creatine,Unflavored,Processing,Retail Store,1.1,100,5,3455,9/4/2025,09/13/2025
Creatine Monohydrate Pure,Creatine,Unflavored,Processing,Retail Store,0.66,60,4,1291,12/7/2026,12/13/2026
Mass Gainer Pro,Weight Gainer,Double Chocolate,Shipped,Online Store,6,16,4,466,10/27/2025,11/05/2025
Max Pre-Workout,Pre-Workout,Sour Apple,Shipped,Retail Store,0.66,30,2,1420,6/3/2026,06/07/2026
Mass Gainer Pro,Weight Gainer,Double Chocolate,Delivered,Gym Partner,12,32,4,975,2/27/2026,03/08/2026
Plant Power Vegan,Protein Powder,Cookies & Cream,Delivered,Gym Partner,5,75,4,508,6/23/2026,07/02/2026
Creatine Monohydrate Pure,Creatine,Fruit Punch,Cancelled,Online Store,1.1,100,4,2497,10/11/2026,10/21/2026
Plant Power Vegan,Protein Powder,Unflavored,Cancelled,Retail Store,2,30,2,3232,8/25/2026,08/31/2026
Nitro Whey Concentrate,Protein Powder,Cookies & Cream,Processing,Online Store,2,30,5,3433,12/4/2025,12/11/2025
Titan Weight Gainer,Weight Gainer,Vanilla Custard,Delivered,Retail Store,12,32,2,1286,9/11/2026,09/21/2026
Nitro Whey Concentrate,Protein Powder,Unflavored,Delivered,Retail Store,5,75,1,1239,3/9/2025,03/12/2025
Pre-Workout Ignition,Pre-Workout,Watermelon,Cancelled,Gym Partner,0.66,30,3,373,7/16/2026,07/25/2026
Whey Isolate Elite,Protein Powder,Milk Chocolate,Cancelled,Gym Partner,5,75,1,1196,1/26/2025,02/02/2025
Creatine Drive,Creatine,Fruit Punch,Delivered,Marketplace,1.1,100,5,2353,5/9/2025,05/14/2025
Pre-Workout Ignition,Pre-Workout,Watermelon,Shipped,Online Store,0.66,30,1,2354,9/26/2026,10/04/2026
Creatine Drive,Creatine,Fruit Punch,Processing,Online Store,0.66,60,5,3929,10/4/2026,10/13/2026
Nitro Whey Concentrate,Protein Powder,Milk Chocolate,Delivered,Online Store,5,75,1,216,7/7/2026,07/11/2026
Creatine Monohydrate Pure,Creatine,Unflavored,Returned,Gym Partner,2.2,200,2,1046,1/8/2026,01/11/2026
Whey Isolate Elite,Protein Powder,Milk Chocolate,Cancelled,Online Store,5,75,4,2331,3/31/2026,04/04/2026
Whey Isolate Elite,Protein Powder,Milk Chocolate,Shipped,Gym Partner,5,75,2,3093,1/26/2025,01/29/2025
Creatine Monohydrate Pure,Creatine,Unflavored,Delivered,Marketplace,1.1,100,2,2025,3/8/2026,03/17/2026
Creatine Monohydrate Pure,Creatine,Fruit Punch,Shipped,Marketplace,0.66,60,3,3863,5/23/2026,05/31/2026
Nitro Whey Concentrate,Protein Powder,Vanilla Ice Cream,Processing,Online Store,2,30,1,2196,7/14/2025,07/19/2025
Nitro Whey Concentrate,Protein Powder,Milk Chocolate,Shipped,Retail Store,2,30,2,3448,1/20/2025,01/26/2025
Pre-Workout Ignition,Pre-Workout,Watermelon,Cancelled,Online Store,0.66,30,4,1663,6/15/2026,06/17/2026
Creatine Monohydrate Pure,Creatine,Unflavored,Cancelled,Marketplace,2.2,200,3,573,5/30/2025,06/01/2025
Mass Gainer Pro,Weight Gainer,Double Chocolate,Processing,Online Store,12,32,2,1271,8/7/2026,08/13/2026
Titan Weight Gainer,Weight Gainer,Vanilla Custard,Delivered,Marketplace,6,16,1,2444,10/11/2025,10/18/2025
Whey Isolate Elite,Protein Powder,Milk Chocolate,Shipped,Gym Partner,5,75,5,113,7/21/2026,07/29/2026
Mass Gainer Pro,Weight Gainer,Double Chocolate,Returned,Gym Partner,6,16,3,2146,6/13/2025,06/15/2025
Plant Power Vegan,Protein Powder,Cookies & Cream,Shipped,Retail Store,5,75,1,523,3/10/2026,03/16/2026
Plant Power Vegan,Protein Powder,Unflavored,Processing,Gym Partner,5,75,2,2583,11/17/2026,11/20/2026
Plant Power Vegan,Protein Powder,Vanilla Ice Cream,Returned,Marketplace,5,75,3,529,6/7/2025,06/09/2025
Whey Isolate Elite,Protein Powder,Milk Chocolate,Shipped,Retail Store,5,75,1,4331,12/14/2025,12/19/2025
Creatine Monohydrate Pure,Creatine,Blue Raspberry,Processing,Online Store,2.2,200,3,3126,5/9/2025,05/14/2025
Plant Power Vegan,Protein Powder,Cookies & Cream,Delivered,Gym Partner,5,75,3,3585,8/23/2026,08/25/2026
Mass Gainer Pro,Weight Gainer,Double Chocolate,Returned,Gym Partner,6,16,4,3914,9/23/2025,10/03/2025
Plant Power Vegan,Protein Powder,Cookies & Cream,Cancelled,Online Store,2,30,4,4072,6/23/2026,07/03/2026
Titan Weight Gainer,Weight Gainer,Double Chocolate,Shipped,Retail Store,6,16,3,2049,6/5/2025,06/11/2025
Creatine Monohydrate Pure,Creatine,Unflavored,Cancelled,Online Store,2.2,200,4,3684,4/26/2026,05/02/2026
Titan Weight Gainer,Weight Gainer,Double Chocolate,Delivered,Gym Partner,12,32,1,3740,12/22/2026,01/01/2027
Whey Isolate Elite,Protein Powder,Cookies & Cream,Delivered,Online Store,5,75,1,2463,12/16/2025,12/19/2025
Nitro Whey Concentrate,Protein Powder,Cookies & Cream,Delivered,Online Store,5,75,1,1744,8/20/2026,08/25/2026
Creatine Drive,Creatine,Unflavored,Shipped,Gym Partner,1.1,100,5,3958,3/25/2026,03/28/2026
Creatine Drive,Creatine,Unflavored,Cancelled,Marketplace,1.1,100,2,3415,11/22/2025,11/29/2025
Creatine Drive,Creatine,Fruit Punch,Processing,Marketplace,1.1,100,5,841,7/1/2026,07/03/2026
Whey Isolate Elite,Protein Powder,Unflavored,Shipped,Marketplace,2,30,3,2542,12/5/2025,12/07/2025
Whey Isolate Elite,Protein Powder,Milk Chocolate,Returned,Marketplace,5,75,2,183,1/4/2026,01/13/2026
Creatine Drive,Creatine,Unflavored,Returned,Marketplace,0.66,60,2,769,11/28/2026,12/06/2026
Creatine Monohydrate Pure,Creatine,Blue Raspberry,Returned,Marketplace,1.1,100,1,3500,2/1/2026,02/05/2026
Creatine Drive,Creatine,Unflavored,Cancelled,Gym Partner,0.66,60,4,3553,6/20/2025,06/24/2025
Plant Power Vegan,Protein Powder,Cookies & Cream,Processing,Online Store,2,30,2,1811,8/10/2026,08/12/2026
Mass Gainer Pro,Weight Gainer,Vanilla Custard,Cancelled,Online Store,6,16,5,1998,2/23/2026,02/26/2026
Pre-Workout Ignition,Pre-Workout,Fruit Punch,Delivered,Retail Store,1.33,60,3,2395,12/19/2025,12/26/2025
Pre-Workout Ignition,Pre-Workout,Watermelon,Cancelled,Marketplace,1.33,60,4,2834,9/24/2025,10/03/2025
Creatine Monohydrate Pure,Creatine,Fruit Punch,Cancelled,Marketplace,1.1,100,2,3710,1/27/2026,02/01/2026
Mass Gainer Pro,Weight Gainer,Double Chocolate,Cancelled,Marketplace,6,16,2,2282,4/9/2026,04/15/2026
Mass Gainer Pro,Weight Gainer,Double Chocolate,Delivered,Online Store,6,16,4,1182,1/25/2025,01/30/2025
Plant Power Vegan,Protein Powder,Vanilla Ice Cream,Shipped,Online Store,5,75,1,2058,3/3/2025,03/09/2025
Creatine Monohydrate Pure,Creatine,Blue Raspberry,Processing,Online Store,2.2,200,3,3335,9/27/2025,10/03/2025
Titan Weight Gainer,Weight Gainer,Vanilla Custard,Delivered,Online Store,12,32,5,1120,7/3/2026,07/13/2026
Creatine Monohydrate Pure,Creatine,Unflavored,Delivered,Marketplace,1.1,100,5,1073,8/24/2026,09/02/2026
Titan Weight Gainer,Weight Gainer,Vanilla Custard,Returned,Online Store,12,32,2,917,7/8/2026,07/11/2026
Nitro Whey Concentrate,Protein Powder,Cookies & Cream,Delivered,Marketplace,2,30,5,3044,10/18/2026,10/26/2026
Max Pre-Workout,Pre-Workout,Fruit Punch,Returned,Retail Store,1,45,1,35,7/11/2025,07/17/2025
Max Pre-Workout,Pre-Workout,Sour Apple,Processing,Marketplace,0.66,30,1,532,9/25/2025,10/05/2025
Creatine Monohydrate Pure,Creatine,Unflavored,Returned,Online Store,0.66,60,4,3515,1/18/2026,01/20/2026
Titan Weight Gainer,Weight Gainer,Vanilla Custard,Shipped,Online Store,12,32,1,2513,11/15/2025,11/23/2025
Pre-Workout Ignition,Pre-Workout,Sour Apple,Returned,Retail Store,1.33,60,3,1120,7/7/2025,07/13/2025
Plant Power Vegan,Protein Powder,Milk Chocolate,Processing,Retail Store,5,75,5,2130,8/3/2025,08/09/2025
Creatine Drive,Creatine,Blue Raspberry,Shipped,Gym Partner,2.2,200,2,1070,7/6/2025,07/16/2025
Creatine Drive,Creatine,Blue Raspberry,Shipped,Retail Store,0.66,60,3,1605,1/21/2026,01/23/2026
Creatine Drive,Creatine,Fruit Punch,Returned,Marketplace,1.1,100,4,2411,9/12/2026,09/14/2026
Creatine Monohydrate Pure,Creatine,Unflavored,Returned,Online Store,2.2,200,1,4429,3/28/2026,04/01/2026
Plant Power Vegan,Protein Powder,Cookies & Cream,Cancelled,Retail Store,5,75,2,3572,5/25/2026,05/27/2026
Creatine Drive,Creatine,Unflavored,Processing,Retail Store,2.2,200,1,4045,11/18/2025,11/23/2025
Creatine Drive,Creatine,Blue Raspberry,Processing,Gym Partner,2.2,200,4,863,6/15/2025,06/22/2025
Max Pre-Workout,Pre-Workout,Watermelon,Cancelled,Gym Partner,0.66,30,2,1771,9/2/2025,09/10/2025
Mass Gainer Pro,Weight Gainer,Vanilla Custard,Delivered,Gym Partner,6,16,2,2842,8/2/2025,08/08/2025
Creatine Monohydrate Pure,Creatine,Fruit Punch,Delivered,Retail Store,1.1,100,3,4639,6/13/2025,06/20/2025
Pre-Workout Ignition,Pre-Workout,Watermelon,Processing,Online Store,1,45,3,2858,8/14/2026,08/24/2026
Titan Weight Gainer,Weight Gainer,Double Chocolate,Delivered,Marketplace,12,32,4,4645,3/31/2026,04/09/2026
Max Pre-Workout,Pre-Workout,Sour Apple,Returned,Online Store,1,45,5,1827,4/9/2026,04/13/2026
Pre-Workout Ignition,Pre-Workout,Sour Apple,Shipped,Retail Store,1,45,1,703,5/20/2026,05/29/2026
Creatine Monohydrate Pure,Creatine,Fruit Punch,Delivered,Retail Store,2.2,200,1,1331,11/7/2025,11/12/2025
Whey Isolate Elite,Protein Powder,Milk Chocolate,Returned,Gym Partner,2,30,5,3701,9/6/2026,09/12/2026
Nitro Whey Concentrate,Protein Powder,Vanilla Ice Cream,Delivered,Gym Partner,2,30,5,847,12/5/2026,12/07/2026
Nitro Whey Concentrate,Protein Powder,Cookies & Cream,Delivered,Online Store,2,30,3,3274,11/11/2026,11/21/2026
Pre-Workout Ignition,Pre-Workout,Watermelon,Processing,Retail Store,1.33,60,1,974,10/12/2025,10/14/2025
Plant Power Vegan,Protein Powder,Unflavored,Shipped,Gym Partner,5,75,5,4675,9/24/2025,10/04/2025
Mass Gainer Pro,Weight Gainer,Double Chocolate,Cancelled,Marketplace,12,32,4,2930,5/11/2025,05/18/2025
Plant Power Vegan,Protein Powder,Vanilla Ice Cream,Cancelled,Marketplace,2,30,4,4301,1/24/2025,02/02/2025
Creatine Drive,Creatine,Fruit Punch,Returned,Retail Store,2.2,200,4,926,6/13/2026,06/18/2026
Plant Power Vegan,Protein Powder,Unflavored,Returned,Online Store,2,30,3,81,10/7/2025,10/12/2025
Nitro Whey Concentrate,Protein Powder,Unflavored,Shipped,Marketplace,2,30,5,4733,1/2/2025,01/05/2025
Nitro Whey Concentrate,Protein Powder,Milk Chocolate,Delivered,Gym Partner,5,75,5,4759,4/27/2026,05/07/2026
Nitro Whey Concentrate,Protein Powder,Cookies & Cream,Returned,Gym Partner,5,75,3,311,7/11/2026,07/18/2026
Whey Isolate Elite,Protein Powder,Vanilla Ice Cream,Delivered,Gym Partner,5,75,4,2466,3/4/2026,03/12/2026
Plant Power Vegan,Protein Powder,Cookies & Cream,Delivered,Marketplace,5,75,1,4694,1/20/2025,01/24/2025
Titan Weight Gainer,Weight Gainer,Vanilla Custard,Shipped,Gym Partner,12,32,4,4835,12/28/2026,01/01/2027
Nitro Whey Concentrate,Protein Powder,Unflavored,Cancelled,Gym Partner,5,75,1,4281,9/23/2026,09/27/2026
Titan Weight Gainer,Weight Gainer,Vanilla Custard,Delivered,Online Store,12,32,4,2556,11/8/2026,11/18/2026
Pre-Workout Ignition,Pre-Workout,Sour Apple,Returned,Marketplace,0.66,30,2,4700,9/9/2026,09/16/2026
Pre-Workout Ignition,Pre-Workout,Sour Apple,Shipped,Gym Partner,1.33,60,5,557,7/18/2026,07/22/2026
Creatine Monohydrate Pure,Creatine,Unflavored,Shipped,Online Store,0.66,60,3,562,10/9/2026,10/14/2026
Titan Weight Gainer,Weight Gainer,Vanilla Custard,Returned,Retail Store,6,16,1,2328,1/31/2025,02/04/2025
Mass Gainer Pro,Weight Gainer,Double Chocolate,Processing,Online Store,6,16,2,3231,1/27/2026,01/30/2026
Creatine Drive,Creatine,Unflavored,Delivered,Gym Partner,0.66,60,5,1098,2/19/2025,02/23/2025
Plant Power Vegan,Protein Powder,Vanilla Ice Cream,Returned,Marketplace,2,30,3,2050,11/30/2026,12/03/2026
Max Pre-Workout,Pre-Workout,Fruit Punch,Cancelled,Online Store,1,45,3,207,8/30/2025,09/05/2025
Nitro Whey Concentrate,Protein Powder,Milk Chocolate,Processing,Online Store,2,30,1,963,5/10/2025,05/18/2025
Creatine Drive,Creatine,Unflavored,Cancelled,Retail Store,1.1,100,5,1553,9/8/2025,09/10/2025
Plant Power Vegan,Protein Powder,Vanilla Ice Cream,Delivered,Retail Store,2,30,5,1001,9/19/2026,09/28/2026
Nitro Whey Concentrate,Protein Powder,Milk Chocolate,Processing,Gym Partner,5,75,4,2087,1/15/2025,01/18/2025
Nitro Whey Concentrate,Protein Powder,Unflavored,Delivered,Marketplace,2,30,5,849,1/17/2026,01/21/2026
Nitro Whey Concentrate,Protein Powder,Cookies & Cream,Cancelled,Retail Store,2,30,4,3586,6/3/2025,06/09/2025
Creatine Monohydrate Pure,Creatine,Unflavored,Returned,Retail Store,2.2,200,5,334,1/24/2025,02/03/2025
Mass Gainer Pro,Weight Gainer,Vanilla Custard,Shipped,Online Store,6,16,3,1807,5/14/2026,05/24/2026
Mass Gainer Pro,Weight Gainer,Vanilla Custard,Delivered,Online Store,12,32,3,1968,6/18/2026,06/22/2026
Plant Power Vegan,Protein Powder,Cookies & Cream,Delivered,Gym Partner,2,30,2,2960,12/19/2025,12/22/2025
Creatine Drive,Creatine,Blue Raspberry,Returned,Retail Store,1.1,100,1,2597,7/22/2026,07/30/2026
Plant Power Vegan,Protein Powder,Milk Chocolate,Returned,Retail Store,2,30,4,403,10/29/2026,11/02/2026
Creatine Drive,Creatine,Blue Raspberry,Processing,Marketplace,2.2,200,2,658,8/7/2026,08/12/2026
Max Pre-Workout,Pre-Workout,Fruit Punch,Cancelled,Retail Store,0.66,30,1,1820,9/30/2026,10/10/2026
Mass Gainer Pro,Weight Gainer,Vanilla Custard,Processing,Online Store,6,16,3,4924,11/5/2025,11/13/2025
Pre-Workout Ignition,Pre-Workout,Fruit Punch,Delivered,Marketplace,0.66,30,1,1778,9/22/2025,09/25/2025
Titan Weight Gainer,Weight Gainer,Double Chocolate,Returned,Marketplace,6,16,3,3545,4/2/2026,04/12/2026
Nitro Whey Concentrate,Protein Powder,Milk Chocolate,Delivered,Marketplace,5,75,3,447,10/9/2025,10/19/2025
Plant Power Vegan,Protein Powder,Milk Chocolate,Processing,Marketplace,5,75,1,2130,2/27/2025,03/05/2025
Max Pre-Workout,Pre-Workout,Sour Apple,Returned,Online Store,1.33,60,3,4064,12/15/2025,12/22/2025
Creatine Drive,Creatine,Fruit Punch,Shipped,Online Store,0.66,60,5,1877,4/6/2025,04/12/2025
Nitro Whey Concentrate,Protein Powder,Unflavored,Cancelled,Retail Store,5,75,3,2647,8/21/2025,08/25/2025
Mass Gainer Pro,Weight Gainer,Double Chocolate,Returned,Marketplace,6,16,1,2262,6/2/2026,06/12/2026
Creatine Monohydrate Pure,Creatine,Blue Raspberry,Shipped,Online Store,1.1,100,5,3629,3/13/2026,03/17/2026
Creatine Monohydrate Pure,Creatine,Fruit Punch,Delivered,Marketplace,0.66,60,2,4891,1/7/2026,01/11/2026
Max Pre-Workout,Pre-Workout,Watermelon,Shipped,Marketplace,1,45,2,173,1/16/2025,01/26/2025
Creatine Drive,Creatine,Unflavored,Returned,Gym Partner,2.2,200,1,1043,3/16/2026,03/24/2026
Creatine Drive,Creatine,Fruit Punch,Delivered,Marketplace,0.66,60,4,1709,2/15/2025,02/18/2025
Mass Gainer Pro,Weight Gainer,Double Chocolate,Returned,Online Store,6,16,3,2199,4/30/2025,05/08/2025
Creatine Drive,Creatine,Fruit Punch,Delivered,Online Store,1.1,100,4,874,9/5/2025,09/08/2025
Creatine Monohydrate Pure,Creatine,Fruit Punch,Returned,Online Store,0.66,60,3,2208,11/14/2026,11/22/2026
Whey Isolate Elite,Protein Powder,Milk Chocolate,Shipped,Online Store,5,75,3,4106,12/21/2025,12/25/2025
Titan Weight Gainer,Weight Gainer,Vanilla Custard,Shipped,Gym Partner,6,16,2,801,3/3/2026,03/11/2026
Max Pre-Workout,Pre-Workout,Fruit Punch,Delivered,Marketplace,0.66,30,3,1219,7/23/2025,07/27/2025
Max Pre-Workout,Pre-Workout,Watermelon,Delivered,Gym Partner,0.66,30,2,1728,5/7/2025,05/16/2025
Nitro Whey Concentrate,Protein Powder,Unflavored,Shipped,Marketplace,5,75,1,1831,6/4/2025,06/11/2025
Plant Power Vegan,Protein Powder,Vanilla Ice Cream,Delivered,Retail Store,5,75,5,4833,9/15/2026,09/18/2026
Pre-Workout Ignition,Pre-Workout,Watermelon,Returned,Marketplace,1,45,1,4584,8/10/2026,08/12/2026
Whey Isolate Elite,Protein Powder,Milk Chocolate,Processing,Online Store,2,30,2,788,8/17/2026,08/25/2026
Max Pre-Workout,Pre-Workout,Sour Apple,Shipped,Gym Partner,1.33,60,3,4129,11/18/2025,11/28/2025
Creatine Monohydrate Pure,Creatine,Blue Raspberry,Delivered,Retail Store,1.1,100,4,1851,8/6/2025,08/10/2025
Nitro Whey Concentrate,Protein Powder,Cookies & Cream,Cancelled,Online Store,5,75,1,3306,7/9/2026,07/13/2026
Plant Power Vegan,Protein Powder,Milk Chocolate,Delivered,Retail Store,2,30,5,3293,7/6/2025,07/10/2025
Titan Weight Gainer,Weight Gainer,Vanilla Custard,Delivered,Gym Partner,12,32,5,3082,6/15/2025,06/25/2025
Pre-Workout Ignition,Pre-Workout,Fruit Punch,Cancelled,Gym Partner,1.33,60,1,2038,5/30/2026,06/04/2026
Mass Gainer Pro,Weight Gainer,Double Chocolate,Processing,Gym Partner,12,32,2,212,5/8/2026,05/13/2026
Nitro Whey Concentrate,Protein Powder,Vanilla Ice Cream,Shipped,Retail Store,5,75,5,2106,8/17/2025,08/19/2025
Whey Isolate Elite,Protein Powder,Unflavored,Processing,Online Store,2,30,1,1174,3/3/2025,03/11/2025
Max Pre-Workout,Pre-Workout,Fruit Punch,Cancelled,Marketplace,0.66,30,3,3708,11/5/2025,11/15/2025
Nitro Whey Concentrate,Protein Powder,Unflavored,Processing,Online Store,2,30,3,2256,10/14/2026,10/19/2026
Pre-Workout Ignition,Pre-Workout,Fruit Punch,Delivered,Marketplace,1,45,4,27,7/7/2026,07/16/2026
